Timestamp,Vid,Type,Title,Status,Size,Latency
164429686,692700000,HTTP,Page 1,200,17,163488749
278943343,692700000,HTTP,Page 2,200,8,114281000
280389568,692700001,HTTP,Page 1,200,17,179734832
360362366,692700002,HTTP,Page 1,200,17,159709953
439890027,692700003,HTTP,Page 1,200,17,139169199
445312476,692700001,HTTP,Page 2,200,8,164840137
524674356,692700002,HTTP,Page 2,200,8,164195586
528398478,692700004,HTTP,Page 1,200,17,127697140
602993484,692700003,HTTP,Page 2,200,8,163021420
638084099,692700000,HTTP,Page SSL,200,8083,357561019
662109335,692700005,HTTP,Page 1,200,17,161150750
666057412,692700004,HTTP,Page 2,200,8,137543917
774099365,692700001,HTTP,Page SSL,200,8083,326971604
775389468,692700000,HTTP,Page 1,200,17,137206407
778459662,692700006,HTTP,Page 1,200,17,177490643
841113089,692700002,HTTP,Page SSL,200,8083,314665401
842353531,692700007,HTTP,Page 1,200,17,141190943
843375955,692700005,HTTP,Page 2,200,8,181180661
942092527,692700008,HTTP,Page 1,200,17,123048331
943007575,692700000,HTTP,Page 2,200,8,167470958
946503857,692700001,HTTP,Page 1,200,17,172268521
949847885,692700006,HTTP,Page 2,200,8,171245408
956318509,692700003,HTTP,Page SSL,200,8083,351781906
1013853268,692700007,HTTP,Page 2,200,8,171388483
1014851632,692700002,HTTP,Page 1,200,17,173617421
1032169233,692700004,HTTP,Page SSL,200,8083,364238824
1126432966,692700003,HTTP,Page 1,200,17,169990210
1130486769,692700009,HTTP,Page 1,200,17,201410599
1134492852,692700008,HTTP,Page 2,200,8,192207167
1150738885,692700001,HTTP,Page 2,200,8,203430944
1193440933,692700005,HTTP,Page SSL,200,8083,349094948
1211297399,692700002,HTTP,Page 2,200,8,196290932
1217041695,692700004,HTTP,Page 1,200,17,184606046
1219003175,692700010,HTTP,Page 1,200,17,189561257
1307753291,692700011,HTTP,Page 1,200,17,178140809
1308045560,692700003,HTTP,Page 2,200,8,181505898
1309202947,692700009,HTTP,Page 2,200,8,178555166
1330239603,692700006,HTTP,Page SSL,200,8083,379862100
1330946629,692700000,HTTP,Page SSL,200,8083,387451892
1382470801,692700012,HTTP,Page 1,200,17,152632428
1383076433,692700005,HTTP,Page 1,200,17,189539649
1392207347,692700007,HTTP,Page SSL,200,8083,376105473
1393127228,692700004,HTTP,Page 2,200,8,175883469
1398481139,692700010,HTTP,Page 2,200,8,179332967
1491468826,692700011,HTTP,Page 2,200,8,183512815
1493421544,692700013,HTTP,Page 1,200,17,159910014
1510529319,692700000,HTTP,Page 1,200,17,179415722
1513554681,692700001,HTTP,Page SSL,200,8083,359919514
1516542975,692700006,HTTP,Page 1,200,17,186139374
1520948513,692700008,HTTP,Page SSL,200,8083,385997093
1557812728,692700007,HTTP,Page 1,200,17,165419478
1565121006,692700014,HTTP,Page 1,200,17,131000603
1572778863,692700012,HTTP,Page 2,200,8,190123000
1582730727,692700005,HTTP,Page 2,200,8,199522725
1587357896,692700002,HTTP,Page SSL,200,8083,373666743
1676219646,692700015,HTTP,Page 1,200,17,141823884
1678918300,692700009,HTTP,Page SSL,200,8083,367064270
1681907479,692700003,HTTP,Page SSL,200,8083,371763375
1683577969,692700008,HTTP,Page 1,200,17,162495788
1687441357,692700001,HTTP,Page 1,200,17,173699920
1692876418,692700006,HTTP,Page 2,200,8,176170699
1694226740,692700013,HTTP,Page 2,200,8,200708420
1695418853,692700000,HTTP,Page 2,200,8,184715469
1761206681,692700002,HTTP,Page 1,200,17,173547873
1781999308,692700007,HTTP,Page 2,200,8,224047127
1789311891,692700014,HTTP,Page 2,200,8,224009040
1807545363,692700004,HTTP,Page SSL,200,8083,413693430
1818495808,692700010,HTTP,Page SSL,200,8083,417664725
1832178076,692700015,HTTP,Page 2,200,8,155817423
1842416372,692700009,HTTP,Page 1,200,17,163382281
1863043968,692700011,HTTP,Page SSL,200,8083,370884638
1885502060,692700016,HTTP,Page 1,200,17,250706225
1897425220,692700001,HTTP,Page 2,200,8,209843215
1909035366,692700003,HTTP,Page 1,200,17,226932594
1910329333,692700008,HTTP,Page 2,200,8,225576392
1935397361,692700002,HTTP,Page 2,200,8,173751236
1940196730,692700017,HTTP,Page 1,200,17,204824990
1992305964,692700012,HTTP,Page SSL,200,8083,419137188
2011572381,692700004,HTTP,Page 1,200,17,203702775
2023167045,692700010,HTTP,Page 1,200,17,204520852
2030095078,692700011,HTTP,Page 1,200,17,166958242
2038232966,692700009,HTTP,Page 2,200,8,195697946
2038333141,692700006,HTTP,Page SSL,200,8083,344922442
2048548907,692700005,HTTP,Page SSL,200,8083,463838280
2079119632,692700018,HTTP,Page 1,200,17,237203990
2091534980,692700000,HTTP,Page SSL,200,8083,394790019
2104293948,692700014,HTTP,Page SSL,200,8083,312852319
2106945246,692700013,HTTP,Page SSL,200,8083,412049687
2110364171,692700003,HTTP,Page 2,200,8,201152338
2113322339,692700017,HTTP,Page 2,200,8,172824616
2118482539,692700016,HTTP,Page 2,200,8,232780939
2122983973,692700019,HTTP,Page 1,200,17,180981967
2174621192,692700007,HTTP,Page SSL,200,8083,391553952
2211532707,692700012,HTTP,Page 1,200,17,219060301
2216567147,692700015,HTTP,Page SSL,200,8083,382467066
2231511724,692700005,HTTP,Page 1,200,17,182832341
2240544797,692700010,HTTP,Page 2,200,8,217252361
2276740313,692700004,HTTP,Page 2,200,8,264987331
2287110223,692700020,HTTP,Page 1,200,17,244607074
2303443939,692700006,HTTP,Page 1,200,17,264994810
2311734998,692700011,HTTP,Page 2,200,8,281472210
2331492565,692700008,HTTP,Page SSL,200,8083,418668358
2375108099,692700014,HTTP,Page 1,200,17,270403065
2375354659,692700013,HTTP,Page 1,200,17,268245661
2375925935,692700001,HTTP,Page SSL,200,8083,477391908
2382774959,692700000,HTTP,Page 1,200,17,291072702
2382980310,692700019,HTTP,Page 2,200,8,259864784
2383142225,692700018,HTTP,Page 2,200,8,303609488
2406623414,692700021,HTTP,Page 1,200,17,264110490
2455552669,692700002,HTTP,Page SSL,200,8083,515639692
2510339047,692700022,HTTP,Page 1,200,17,267446684
2516205472,692700012,HTTP,Page 2,200,8,304533407
2527252589,692700007,HTTP,Page 1,200,17,352428450
2531720124,692700009,HTTP,Page SSL,200,8083,492224785
2538125057,692700005,HTTP,Page 2,200,8,306380423
2561234782,692700017,HTTP,Page SSL,200,8083,447410382
2561573543,692700015,HTTP,Page 1,200,17,344883673
2563994135,692700023,HTTP,Page 1,200,17,220955948
2605208185,692700006,HTTP,Page 2,200,8,301618451
2608611018,692700003,HTTP,Page SSL,200,8083,494548832
2611719949,692700008,HTTP,Page 1,200,17,280093527
2622314485,692700020,HTTP,Page 2,200,8,335027615
2657241720,692700014,HTTP,Page 2,200,8,282001998
2671176755,692700000,HTTP,Page 2,200,8,288225195
2695095409,692700016,HTTP,Page SSL,200,8083,575497059
2695756471,692700002,HTTP,Page 1,200,17,240027237
2705596970,692700010,HTTP,Page SSL,200,8083,463036980
2706275674,692700024,HTTP,Page 1,200,17,262858851
2734304324,692700001,HTTP,Page 1,200,17,358071741
2739942625,692700021,HTTP,Page 2,200,8,333147709
2748161610,692700013,HTTP,Page 2,200,8,372692029
2780643669,692700011,HTTP,Page SSL,200,8083,466828371
2796785688,692700017,HTTP,Page 1,200,17,235405396
2801841370,692700023,HTTP,Page 2,200,8,237719756
2811526331,692700015,HTTP,Page 2,200,8,249838742
2823404447,692700009,HTTP,Page 1,200,17,291489789
2878650085,692700004,HTTP,Page SSL,200,8083,600273750
2924584464,692700022,HTTP,Page 2,200,8,413946557
2955087941,692700012,HTTP,Page SSL,200,8083,437235970
2960358117,692700025,HTTP,Page 1,200,17,409099702
2963798112,692700007,HTTP,Page 2,200,8,436317270
2983585414,692700019,HTTP,Page SSL,200,8083,598647134
3033494368,692700005,HTTP,Page SSL,200,8083,494602538
3034485057,692700018,HTTP,Page SSL,200,8083,650784168
3035008505,692700008,HTTP,Page 2,200,8,423183186
3074678803,692700000,HTTP,Page SSL,200,8083,403046645
3086174412,692700026,HTTP,Page 1,200,17,434231401
3109084575,692700006,HTTP,Page SSL,200,8083,502852804
3115330233,692700020,HTTP,Page SSL,200,8083,491279335
3118807240,692700003,HTTP,Page 1,200,17,510055139
3162309427,692700001,HTTP,Page 2,200,8,427681881
3190817446,692700016,HTTP,Page 1,200,17,495586696
3193637414,692700014,HTTP,Page SSL,200,8083,535058457
3200242675,692700002,HTTP,Page 2,200,8,504381925
3205145569,692700013,HTTP,Page SSL,200,8083,454970210
3219675719,692700024,HTTP,Page 2,200,8,513275478
3230336798,692700021,HTTP,Page SSL,200,8083,488857024
3231725874,692700010,HTTP,Page 1,200,17,525995863
3240264081,692700027,HTTP,Page 1,200,17,487969783
3244164205,692700028,HTTP,Page 1,200,17,391347861
3266419306,692700023,HTTP,Page SSL,200,8083,461713405
3268750036,692700009,HTTP,Page 2,200,8,445212032
3285479158,692700015,HTTP,Page SSL,200,8083,471946697
3287207628,692700011,HTTP,Page 1,200,17,506316962
3289835101,692700017,HTTP,Page 2,200,8,492873467
3295553965,692700025,HTTP,Page 2,200,8,335005809
3302310071,692700029,HTTP,Page 1,200,17,349042460
3303724554,692700004,HTTP,Page 1,200,17,424941278
3324515852,692700012,HTTP,Page 1,200,17,369262552
3359664807,692700019,HTTP,Page 1,200,17,375847833
3366693997,692700005,HTTP,Page 1,200,17,333061149
3420145608,692700006,HTTP,Page 1,200,17,310872493
3421908075,692700003,HTTP,Page 2,200,8,302962497
3441182603,692700000,HTTP,Page 1,200,17,366355125
3442694739,692700030,HTTP,Page 1,200,17,388957899
3445272048,692700020,HTTP,Page 1,200,17,329761167
3453414083,692700018,HTTP,Page 1,200,17,418723124
3457273234,692700022,HTTP,Page SSL,200,8083,530634118
3465971138,692700026,HTTP,Page 2,200,8,379636962
3533282533,692700016,HTTP,Page 2,200,8,342340539
3553281292,692700014,HTTP,Page 1,200,17,359520880
3557351383,692700013,HTTP,Page 1,200,17,348666981
3557886859,692700007,HTTP,Page SSL,200,8083,575781126
3563152891,692700031,HTTP,Page 1,200,17,408967718
3616321414,692700001,HTTP,Page SSL,200,8083,452198834
3639140234,692700028,HTTP,Page 2,200,8,393378347
3639584971,692700029,HTTP,Page 2,200,8,337182948
3665350858,692700004,HTTP,Page 2,200,8,361513939
3668746512,692700011,HTTP,Page 2,200,8,381351820
3675057199,692700021,HTTP,Page 1,200,17,444537208
3687764134,692700015,HTTP,Page 1,200,17,402106857
3717322001,692700010,HTTP,Page 2,200,8,485496650
3720743779,692700027,HTTP,Page 2,200,8,480374988
3771428240,692700008,HTTP,Page SSL,200,8083,736041120
3771663531,692700023,HTTP,Page 1,200,17,504956244
3794854586,692700009,HTTP,Page SSL,200,8083,523454954
3803290683,692700032,HTTP,Page 1,200,17,543049350
3837896806,692700024,HTTP,Page SSL,200,8083,616415294
3845336352,692700002,HTTP,Page SSL,200,8083,643518203
3912185800,692700012,HTTP,Page 2,200,8,587575982
3912690755,692700006,HTTP,Page 2,200,8,492441979
3920806323,692700033,HTTP,Page 1,200,17,559236928
3933614674,692700025,HTTP,Page SSL,200,8083,637701314
3935953801,692700026,HTTP,Page SSL,200,8083,469097956
3952351241,692700003,HTTP,Page SSL,200,8083,528881373
3977514574,692700019,HTTP,Page 2,200,8,617702657
3994082508,692700017,HTTP,Page SSL,200,8083,702463708
4007142359,692700016,HTTP,Page SSL,200,8083,471446274
4052124864,692700005,HTTP,Page 2,200,8,684783623
4066197917,692700028,HTTP,Page SSL,200,8083,426562399
4090919026,692700020,HTTP,Page 2,200,8,645544722
4113761353,692700030,HTTP,Page 2,200,8,670883583
4147843181,692700018,HTTP,Page 2,200,8,694201799
4152830341,692700022,HTTP,Page 1,200,17,695401245
4164740824,692700029,HTTP,Page SSL,200,8083,522142003
4166144505,692700034,HTTP,Page 1,200,17,704463886
4179272330,692700027,HTTP,Page SSL,200,8083,456486481
4196699644,692700010,HTTP,Page SSL,200,8083,477508632
4199521855,692700011,HTTP,Page SSL,200,8083,529001626
4219170880,692700031,HTTP,Page 2,200,8,655937086
4219199370,692700000,HTTP,Page 2,200,8,777548674
4230243388,692700001,HTTP,Page 1,200,17,613628819
4237289010,692700014,HTTP,Page 2,200,8,683825283
4238762619,692700035,HTTP,Page 1,200,17,675879008
4263955416,692700007,HTTP,Page 1,200,17,705946888
4291620641,692700004,HTTP,Page SSL,200,8083,624646974
4307307762,692700013,HTTP,Page 2,200,8,749828932
4325706675,692700036,HTTP,Page 1,200,17,662895397
4358000954,692700008,HTTP,Page 1,200,17,586301383
4363484510,692700012,HTTP,Page SSL,200,8083,449271887
4373943601,692700015,HTTP,Page 2,200,8,686033149
4385906674,692700023,HTTP,Page 2,200,8,614129851
4414525078,692700019,HTTP,Page SSL,200,8083,436429669
4464205409,692700006,HTTP,Page SSL,200,8083,550041235
4484452098,692700005,HTTP,Page SSL,200,8083,431772465
4500921000,692700037,HTTP,Page 1,200,17,730741095
4501892698,692700002,HTTP,Page 1,200,17,656360474
4505507383,692700024,HTTP,Page 1,200,17,667468112
4511743106,692700038,HTTP,Page 1,200,17,641470567
4515842417,692700032,HTTP,Page 2,200,8,712221353
4524033718,692700021,HTTP,Page 2,200,8,848836329
4566721329,692700018,HTTP,Page SSL,200,8083,418145901
4581479742,692700009,HTTP,Page 1,200,17,786432161
4608187610,692700025,HTTP,Page 1,200,17,674457715
4608599178,692700026,HTTP,Page 1,200,17,672544996
4617159288,692700039,HTTP,Page 1,200,17,646742893
4639686366,692700003,HTTP,Page 1,200,17,687163406
4639875989,692700033,HTTP,Page 2,200,8,718892983
4657642962,692700016,HTTP,Page 1,200,17,650333105
4662054405,692700017,HTTP,Page 1,200,17,667823956
4668628270,692700014,HTTP,Page SSL,200,8083,428058851
4682334296,692700030,HTTP,Page SSL,200,8083,565176701
4698873312,692700020,HTTP,Page SSL,200,8083,605864486
4713456571,692700000,HTTP,Page SSL,200,8083,492853656
4720250584,692700028,HTTP,Page 1,200,17,653825947
4755875328,692700034,HTTP,Page 2,200,8,589468973
4757543105,692700040,HTTP,Page 1,200,17,677231912
4761485838,692700022,HTTP,Page 2,200,8,608511345
4771464577,692700029,HTTP,Page 1,200,17,606576495
4817205251,692700031,HTTP,Page SSL,200,8083,597285870
4821738485,692700013,HTTP,Page SSL,200,8083,510187724
4839893386,692700041,HTTP,Page 1,200,17,655328830
4841664360,692700035,HTTP,Page 2,200,8,602750071
4847469799,692700027,HTTP,Page 1,200,17,667727434
4856289753,692700010,HTTP,Page 1,200,17,659322234
4857114545,692700011,HTTP,Page 1,200,17,657441238
4911982528,692700036,HTTP,Page 2,200,8,586180486
4928584306,692700042,HTTP,Page 1,200,17,643557323
4935863510,692700001,HTTP,Page 2,200,8,705466571
4960964380,692700008,HTTP,Page 2,200,8,602814983
4961354464,692700004,HTTP,Page 1,200,17,669607551
4973287538,692700019,HTTP,Page 1,200,17,558530648
4984489836,692700043,HTTP,Page 1,200,17,599157078
5008479735,692700002,HTTP,Page 2,200,8,506418471
5010442392,692700044,HTTP,Page 1,200,17,521718149
5013423662,692700024,HTTP,Page 2,200,8,507798342
5013649825,692700007,HTTP,Page 2,200,8,749588616
5021476422,692700037,HTTP,Page 2,200,8,520415593
5033078301,692700005,HTTP,Page 1,200,17,548480084
5049213407,692700023,HTTP,Page SSL,200,8083,662889915
5057445267,692700006,HTTP,Page 1,200,17,593120575
5057899403,692700033,HTTP,Page SSL,200,8083,416482563
5059062680,692700012,HTTP,Page 1,200,17,695425134
5072557608,692700009,HTTP,Page 2,200,8,490924829
5107401213,692700026,HTTP,Page 2,200,8,498674476
5110708543,692700003,HTTP,Page 2,200,8,470850977
5112004548,692700018,HTTP,Page 1,200,17,545104377
5112462169,692700025,HTTP,Page 2,200,8,504196751
5115052652,692700045,HTTP,Page 1,200,17,519730385
5127821432,692700014,HTTP,Page 1,200,17,458936887
5141562681,692700030,HTTP,Page 1,200,17,459126620
5159033930,692700015,HTTP,Page SSL,200,8083,782844856
5193889059,692700046,HTTP,Page 1,200,17,498519265
5216498945,692700028,HTTP,Page 2,200,8,496145777
5218551490,692700016,HTTP,Page 2,200,8,560808037
5221944710,692700020,HTTP,Page 1,200,17,522958978
5284959553,692700000,HTTP,Page 1,200,17,571300693
5317764705,692700034,HTTP,Page SSL,200,8083,561351512
5392197820,692700008,HTTP,Page SSL,200,8083,429547447
5405659433,692700035,HTTP,Page SSL,200,8083,561343491
5417632402,692700021,HTTP,Page SSL,200,8083,891403370
5427938160,692700047,HTTP,Page 1,200,17,632117691
5431430184,692700032,HTTP,Page SSL,200,8083,913412936
5491104703,692700024,HTTP,Page SSL,200,8083,476402348
5492871761,692700001,HTTP,Page SSL,200,8083,556478082
5502160153,692700038,HTTP,Page 2,200,8,990192241
5510681583,692700041,HTTP,Page 2,200,8,670539593
5514381931,692700031,HTTP,Page 1,200,17,696921861
5537345864,692700009,HTTP,Page SSL,200,8083,462739346
5552433239,692700013,HTTP,Page 1,200,17,730504568
5605482322,692700029,HTTP,Page 2,200,8,833871258
5605883546,692700037,HTTP,Page SSL,200,8083,580082190
5620518428,692700007,HTTP,Page SSL,200,8083,605307718
5628787044,692700039,HTTP,Page 2,200,8,1011474935
5661580936,692700022,HTTP,Page SSL,200,8083,898339972
5664205935,692700019,HTTP,Page 2,200,8,690848718
5674185143,692700017,HTTP,Page 2,200,8,1011972484
5686490141,692700040,HTTP,Page 2,200,8,928810908
5687582558,692700011,HTTP,Page 2,200,8,830294563
5713248676,692700042,HTTP,Page 2,200,8,784542164
5797475609,692700010,HTTP,Page 2,200,8,940984489
5802882068,692700027,HTTP,Page 2,200,8,955185812
5815133857,692700028,HTTP,Page SSL,200,8083,596659854
5816863616,692700004,HTTP,Page 2,200,8,855348152
5822701002,692700006,HTTP,Page 2,200,8,765150781
5830537772,692700036,HTTP,Page SSL,200,8083,916466417
5871252868,692700002,HTTP,Page SSL,200,8083,852952242
5889101697,692700003,HTTP,Page SSL,200,8083,777321756
5929538846,692700023,HTTP,Page 1,200,17,880049013
5930431127,692700043,HTTP,Page 2,200,8,945871856
5933435804,692700049,HTTP,Page 1,200,17,912313296
5949344732,692700026,HTTP,Page SSL,200,8083,841011415
5968747239,692700048,HTTP,Page 1,200,17,1057166849
5975511623,692700050,HTTP,Page 1,200,17,854011483
6013266708,692700016,HTTP,Page SSL,200,8083,794299264
6014570530,692700041,HTTP,Page SSL,200,8083,503381435
6042387726,692700014,HTTP,Page 2,200,8,914327243
6043333755,692700015,HTTP,Page 1,200,17,884160222
6056225392,692700051,HTTP,Page 1,200,17,834520404
6058646646,692700012,HTTP,Page 2,200,8,999457851
6072405128,692700045,HTTP,Page 2,200,8,957188562
6084291488,692700044,HTTP,Page 2,200,8,1073753786
6092352638,692700000,HTTP,Page 2,200,8,806151337
6097528339,692700046,HTTP,Page 2,200,8,903529337
6103675620,692700017,HTTP,Page SSL,200,8083,427450333
6136836192,692700029,HTTP,Page SSL,200,8083,529455880
6138046452,692700033,HTTP,Page 1,200,17,1079732686
6138554541,692700034,HTTP,Page 1,200,17,820312134
6152252881,692700035,HTTP,Page 1,200,17,746450165
6175648820,692700019,HTTP,Page SSL,200,8083,510749900
6176570205,692700025,HTTP,Page SSL,200,8083,1060542431
6199101116,692700047,HTTP,Page 2,200,8,771004976
6200067067,692700038,HTTP,Page SSL,200,8083,697331995
6227736537,692700032,HTTP,Page 1,200,17,796157431
6229210539,692700008,HTTP,Page 1,200,17,836854463
6233619731,692700005,HTTP,Page 2,200,8,1200421440
6237873373,692700039,HTTP,Page SSL,200,8083,607598785
6251677238,692700024,HTTP,Page 1,200,17,760445991
6259185401,692700054,HTTP,Page 1,200,17,720982948
6279741098,692700018,HTTP,Page 2,200,8,1167488174
6296811538,692700009,HTTP,Page 1,200,17,759320866
6313940164,692700001,HTTP,Page 1,200,17,820931012
6318634719,692700042,HTTP,Page SSL,200,8083,603596565
6343191983,692700007,HTTP,Page 1,200,17,722556938
6370097038,692700030,HTTP,Page 2,200,8,1228375602
6370699818,692700004,HTTP,Page SSL,200,8083,553396575
6370772478,692700020,HTTP,Page 2,200,8,1148638973
6370900906,692700040,HTTP,Page SSL,200,8083,683896293
6382915823,692700055,HTTP,Page 1,200,17,741662115
6395910612,692700037,HTTP,Page 1,200,17,789730283
6396448129,692700022,HTTP,Page 1,200,17,734723087
6454048317,692700053,HTTP,Page 1,200,17,1016643796
6470389201,692700031,HTTP,Page 2,200,8,955714452
6485514152,692700027,HTTP,Page SSL,200,8083,680911271
6505233671,692700052,HTTP,Page 1,200,17,1171417910
6514629726,692700010,HTTP,Page SSL,200,8083,715027555
6521170564,692700021,HTTP,Page 1,200,17,1103363486
6534679481,692700056,HTTP,Page 1,200,17,792695090
6541628646,692700013,HTTP,Page 2,200,8,989095024
6637762916,692700003,HTTP,Page 1,200,17,748313829
6639062193,692700002,HTTP,Page 1,200,17,767681522
6656138242,692700036,HTTP,Page 1,200,17,825509497
6663229709,692700028,HTTP,Page 1,200,17,847954179
6669925353,692700057,HTTP,Page 1,200,17,820790985
6697018186,692700049,HTTP,Page 2,200,8,763513491
6705834992,692700026,HTTP,Page 1,200,17,756317724
6708174414,692700012,HTTP,Page SSL,200,8083,648923318
6709227930,692700059,HTTP,Page 1,200,17,659444760
6717175746,692700050,HTTP,Page 2,200,8,741574097
6718151492,692700058,HTTP,Page 1,200,17,768390577
6736785666,692700051,HTTP,Page 2,200,8,680454967
6748825213,692700048,HTTP,Page 2,200,8,779805919
6750218300,692700016,HTTP,Page 1,200,17,736829223
6782819615,692700043,HTTP,Page SSL,200,8083,850586476
6846780576,692700023,HTTP,Page 2,200,8,917107654
6853782052,692700041,HTTP,Page 1,200,17,839063736
6857711425,692700015,HTTP,Page 2,200,8,814151014
6885234250,692700060,HTTP,Page 1,200,17,735261330
6887127770,692700035,HTTP,Page 2,200,8,734609105
6890705952,692700046,HTTP,Page SSL,200,8083,790968769
6910534597,692700014,HTTP,Page SSL,200,8083,860541863
6920463954,692700034,HTTP,Page 2,200,8,781750691
6921260762,692700005,HTTP,Page SSL,200,8083,687004337
6932577536,692700047,HTTP,Page SSL,200,8083,722096355
6933094658,692700019,HTTP,Page 1,200,17,757163448
6944534124,692700011,HTTP,Page SSL,200,8083,1256546339
6976349948,692700000,HTTP,Page SSL,200,8083,881817001
6979400229,692700044,HTTP,Page SSL,200,8083,893840626
6997036178,692700029,HTTP,Page 1,200,17,860044657
7030275882,692700008,HTTP,Page 2,200,8,800939532
7048028025,692700017,HTTP,Page 1,200,17,944124824
7080356062,692700025,HTTP,Page 1,200,17,903482124
7080381144,692700033,HTTP,Page 2,200,8,942212287
7091249846,692700038,HTTP,Page 1,200,17,891036611
7197009894,692700045,HTTP,Page SSL,200,8083,1123287281
7207589484,692700013,HTTP,Page SSL,200,8083,665490797
7233626786,692700024,HTTP,Page 2,200,8,981835412
7233670198,692700032,HTTP,Page 2,200,8,1005789767
7244636257,692700061,HTTP,Page 1,200,17,994472556
7251331155,692700062,HTTP,Page 1,200,17,898586846
7292202823,692700018,HTTP,Page SSL,200,8083,1010130069
7312244969,692700031,HTTP,Page SSL,200,8083,840477422
7313410723,692700054,HTTP,Page 2,200,8,1054067587
7318644896,692700004,HTTP,Page 1,200,17,947823895
7347924710,692700020,HTTP,Page SSL,200,8083,975031937
7353238761,692700037,HTTP,Page 2,200,8,957194475
7354102950,692700022,HTTP,Page 2,200,8,957565000
7360565799,692700042,HTTP,Page 1,200,17,1041798185
7379793777,692700040,HTTP,Page 1,200,17,1008724622
7380391795,692700009,HTTP,Page 2,200,8,1083397681
7384238848,692700055,HTTP,Page 2,200,8,1001196748
7397294400,692700050,HTTP,Page SSL,200,8083,677569510
7415788974,692700001,HTTP,Page 2,200,8,1101732265
7443291536,692700021,HTTP,Page 2,200,8,921977910
7456774892,692700063,HTTP,Page 1,200,17,1003612768
7459239396,692700053,HTTP,Page 2,200,8,1005087868
7463229720,692700010,HTTP,Page 1,200,17,948488862
7472757881,692700048,HTTP,Page SSL,200,8083,721895688
7476832486,692700008,HTTP,Page SSL,200,8083,446023645
7477078417,692700052,HTTP,Page 2,200,8,971676679
7557242095,692700034,HTTP,Page SSL,200,8083,635732800
7558758875,692700026,HTTP,Page 2,200,8,852806954
7558993321,692700043,HTTP,Page 1,200,17,776071013
7561121538,692700023,HTTP,Page SSL,200,8083,713182500
7561932572,692700012,HTTP,Page 1,200,17,853656952
7563610886,692700058,HTTP,Page 2,200,8,845379673
7563723273,692700003,HTTP,Page 2,200,8,925726808
7564779390,692700036,HTTP,Page 2,200,8,908488006
7568185991,692700059,HTTP,Page 2,200,8,858837041
7574438150,692700002,HTTP,Page 2,200,8,935225166
7586847512,692700035,HTTP,Page SSL,200,8083,697291822
7619073801,692700057,HTTP,Page 2,200,8,948946073
7645037759,692700033,HTTP,Page SSL,200,8083,562832151
7654251370,692700066,HTTP,Page 1,200,17,900689156
7661120982,692700067,HTTP,Page 1,200,17,806542608
7671625240,692700047,HTTP,Page 1,200,17,738894334
7674661916,692700046,HTTP,Page 1,200,17,783779256
7683953265,692700000,HTTP,Page 1,200,17,707236117
7695240172,692700011,HTTP,Page 1,200,17,750554456
7697869508,692700060,HTTP,Page 2,200,8,812473096
7705702912,692700029,HTTP,Page 2,200,8,708439907
7705799693,692700068,HTTP,Page 1,200,17,750886887
7711962628,692700070,HTTP,Page 1,200,17,552555763
7714626469,692700025,HTTP,Page 2,200,8,634123139
7717198619,692700069,HTTP,Page 1,200,17,657945203
7730235151,692700061,HTTP,Page 2,200,8,485472820
7730476757,692700013,HTTP,Page 1,200,17,522703625
7734681889,692700062,HTTP,Page 2,200,8,483165931
7737026019,692700071,HTTP,Page 1,200,17,477272794
7743428117,692700041,HTTP,Page 2,200,8,889302519
7743675345,692700005,HTTP,Page 1,200,17,822353409
7744184311,692700004,HTTP,Page 2,200,8,425439774
7745736855,692700042,HTTP,Page 2,200,8,385021873
7748481137,692700039,HTTP,Page 1,200,17,1510475170
7750674288,692700018,HTTP,Page 1,200,17,458341532
7752381322,692700063,HTTP,Page 2,200,8,295417515
7764634439,692700032,HTTP,Page SSL,200,8083,526243419
7789350252,692700020,HTTP,Page 1,200,17,441218450
7789821334,692700048,HTTP,Page 1,200,17,316895744
7836159840,692700022,HTTP,Page SSL,200,8083,470299600
7851263328,692700037,HTTP,Page SSL,200,8083,497446257
7862875913,692700050,HTTP,Page 1,200,17,465348352
7908042250,692700064,HTTP,Page 1,200,17,1354886173
7949509385,692700030,HTTP,Page SSL,200,8083,1577906262
7975787551,692700008,HTTP,Page 1,200,17,498815266
7999940029,692700053,HTTP,Page SSL,200,8083,538530073
8021618392,692700055,HTTP,Page SSL,200,8083,636040562
8023014078,692700031,HTTP,Page 1,200,17,710652329
8024961677,692700040,HTTP,Page 2,200,8,645006124
8045487555,692700013,HTTP,Page 2,200,8,314903153
8048350581,692700011,HTTP,Page 2,200,8,352889429
8051456617,692700018,HTTP,Page 2,200,8,300626777
8080567547,692700001,HTTP,Page SSL,200,8083,663788932
8095149528,692700048,HTTP,Page 2,200,8,305150175
8112011645,692700076,HTTP,Page 1,200,17,345797997
8112264062,692700065,HTTP,Page 1,200,17,1458859024
8193870702,692700022,HTTP,Page 1,200,17,357554501
8198142582,692700077,HTTP,Page 1,200,17,332235083
8215880529,692700058,HTTP,Page SSL,200,8083,650163121
8221091470,692700074,HTTP,Page 1,200,17,660677930
8223034093,692700035,HTTP,Page 1,200,17,636049108
8227767347,692700064,HTTP,Page 2,200,8,319564239
8234492806,692700053,HTTP,Page 1,200,17,234390180
8237626432,692700008,HTTP,Page 2,200,8,261480935
8265388998,692700036,HTTP,Page SSL,200,8083,699373497
8299948723,692700023,HTTP,Page 1,200,17,738721205
8315697967,692700075,HTTP,Page 1,200,17,654859543
8315758955,692700068,HTTP,Page 2,200,8,609889664
8341254164,692700060,HTTP,Page SSL,200,8083,640761504
8352413823,692700031,HTTP,Page 2,200,8,329229897
8377940302,692700041,HTTP,Page SSL,200,8083,633983575
8378570834,692700055,HTTP,Page 1,200,17,356810080
8379654313,692700051,HTTP,Page SSL,200,8083,1640595880
8385706226,692700078,HTTP,Page 1,200,17,419703598
8392423843,692700052,HTTP,Page SSL,200,8083,913336497
8393242242,692700079,HTTP,Page 1,200,17,325599963
8407576099,692700065,HTTP,Page 2,200,8,295143909
8509908964,692700007,HTTP,Page 2,200,8,2166634363
8538564559,692700081,HTTP,Page 1,200,17,270780910
8547220520,692700074,HTTP,Page 2,200,8,325769146
8568957127,692700022,HTTP,Page 2,200,8,374978275
8619134536,692700036,HTTP,Page 1,200,17,353569599
8619426722,692700006,HTTP,Page SSL,200,8083,2796232785
8627909566,692700075,HTTP,Page 2,200,8,312009601
8638585711,692700002,HTTP,Page SSL,200,8083,1063735663
8660910182,692700083,HTTP,Page 1,200,17,181891562
8664618701,692700027,HTTP,Page 1,200,17,2178948055
8669277907,692700040,HTTP,Page SSL,200,8083,641987433
8672203626,692700004,HTTP,Page SSL,200,8083,926137559
8675393520,692700057,HTTP,Page SSL,200,8083,1054349409
8687083313,692700076,HTTP,Page 2,200,8,574860576
8687269470,692700025,HTTP,Page SSL,200,8083,972305736
8701062400,692700078,HTTP,Page 2,200,8,314226611
8709659802,692700011,HTTP,Page SSL,200,8083,658573728
8730996955,692700041,HTTP,Page 1,200,17,352886090
8733041968,692700035,HTTP,Page 2,200,8,509868643
8748988855,692700051,HTTP,Page 1,200,17,369097987
8756599053,692700010,HTTP,Page 2,200,8,1293171425
8762916001,692700048,HTTP,Page SSL,200,8083,666728551
8770855497,692700052,HTTP,Page 1,200,17,378329383
8797324565,692700046,HTTP,Page 2,200,8,1122595769
8798459853,692700055,HTTP,Page 2,200,8,419754241
8810208641,692700063,HTTP,Page SSL,200,8083,1057422931
8810592616,692700062,HTTP,Page SSL,200,8083,1070145462
8810759897,692700072,HTTP,Page 1,200,17,1450890074
8812994396,692700038,HTTP,Page 2,200,8,1721613147
8828733805,692700021,HTTP,Page SSL,200,8083,1384987331
8859801123,692700033,HTTP,Page 1,200,17,1214573686
8871421911,692700008,HTTP,Page SSL,200,8083,631800837
8875038638,692700043,HTTP,Page 2,200,8,1315863908
8889975306,692700084,HTTP,Page 1,200,17,310619495
8936422837,692700006,HTTP,Page 1,200,17,316918817
8940675381,692700068,HTTP,Page SSL,200,8083,623175297
8958622803,692700014,HTTP,Page 1,200,17,2047939603
8960243016,692700024,HTTP,Page SSL,200,8083,1711673889
8961689781,692700054,HTTP,Page SSL,200,8083,1646915636
8962011321,692700002,HTTP,Page 1,200,17,323325878
8975229809,692700060,HTTP,Page 1,200,17,633841194
8977314231,692700029,HTTP,Page SSL,200,8083,1270030535
8981651162,692700034,HTTP,Page 1,200,17,1424295224
9005451650,692700083,HTTP,Page 2,200,8,344402147
9007318346,692700081,HTTP,Page 2,200,8,468652757
9018746078,692700004,HTTP,Page 1,200,17,346444888
9026951902,692700019,HTTP,Page 2,200,8,2093763493
9031503168,692700036,HTTP,Page 2,200,8,412217005
9052205508,692700069,HTTP,Page 2,200,8,1334777797
9052955660,692700064,HTTP,Page SSL,200,8083,824664361
9073247732,692700025,HTTP,Page 1,200,17,385828327
9134668159,692700067,HTTP,Page 2,200,8,1473442712
9138513462,692700070,HTTP,Page 2,200,8,1426151154
9140155618,692700020,HTTP,Page 2,200,8,1350667577
9143553046,692700005,HTTP,Page 2,200,8,1399668969
9153182685,692700086,HTTP,Page 1,200,17,371804823
9154598227,692700062,HTTP,Page 1,200,17,343901262
9169501989,692700085,HTTP,Page 1,200,17,488369228
9191108638,692700072,HTTP,Page 2,200,8,380231747
9226548718,692700031,HTTP,Page SSL,200,8083,871976054
9237512399,692700065,HTTP,Page SSL,200,8083,828480759
9268600035,692700050,HTTP,Page 2,200,8,1405546145
9271588456,692700054,HTTP,Page 1,200,17,309566526
9272615211,692700004,HTTP,Page 2,200,8,253756968
9286131125,692700000,HTTP,Page 2,200,8,1602030625
9289096553,692700029,HTTP,Page 1,200,17,311613757
9290978055,692700084,HTTP,Page 2,200,8,400417584
9294007791,692700039,HTTP,Page 2,200,8,1545369604
9295972745,692700056,HTTP,Page 2,200,8,2761119691
9318563586,692700034,HTTP,Page 2,200,8,336690221
9318702397,692700006,HTTP,Page 2,200,8,382066093
9319548073,692700074,HTTP,Page SSL,200,8083,771386871
9326869369,692700027,HTTP,Page 2,200,8,662013485
9329837841,692700045,HTTP,Page 1,200,17,2132526056
9335429815,692700061,HTTP,Page SSL,200,8083,1603840459
9336602148,692700002,HTTP,Page 2,200,8,374487701
9337528521,692700064,HTTP,Page 1,200,17,284496656
9344627815,692700088,HTTP,Page 1,200,17,362342251
9347843648,692700068,HTTP,Page 1,200,17,406787836
9364362506,692700024,HTTP,Page 1,200,17,403967875
9393905256,692700014,HTTP,Page 2,200,8,435142958
9401591198,692700007,HTTP,Page SSL,200,8083,889209547
9414853528,692700052,HTTP,Page 2,200,8,643822413
9422354585,692700012,HTTP,Page 2,200,8,1860304652
9498948925,692700031,HTTP,Page 1,200,17,272137083
9525005001,692700089,HTTP,Page 1,200,17,442514044
9530086855,692700090,HTTP,Page 1,200,17,347537622
9533413500,692700008,HTTP,Page 1,200,17,661768403
9537165376,692700063,HTTP,Page 1,200,17,726779673
9544749772,692700076,HTTP,Page SSL,200,8083,856846161
9555711574,692700055,HTTP,Page SSL,200,8083,755685694
9578206615,692700053,HTTP,Page 2,200,8,1343601718
9589510021,692700046,HTTP,Page SSL,200,8083,790146522
9596270756,692700071,HTTP,Page 2,200,8,1859006175
9603166247,692700032,HTTP,Page 1,200,17,1838357664
9646189493,692700086,HTTP,Page 2,200,8,492847340
9667589816,692700035,HTTP,Page SSL,200,8083,933552336
9670539563,692700019,HTTP,Page SSL,200,8083,642216635
9672161556,692700058,HTTP,Page 1,200,17,1456095347
9683579846,692700079,HTTP,Page 2,200,8,1290205295
9700696362,692700081,HTTP,Page SSL,200,8083,690673397
9702188021,692700064,HTTP,Page 2,200,8,364427384
9702914569,692700007,HTTP,Page 1,200,17,301215029
9724340520,692700024,HTTP,Page 2,200,8,359811468
9731213429,692700045,HTTP,Page 2,200,8,401221460
9772935269,692700049,HTTP,Page SSL,200,8083,3075372728
9773458344,692700069,HTTP,Page SSL,200,8083,720731039
9813634607,692700054,HTTP,Page 2,200,8,541906957
9813983975,692700091,HTTP,Page 1,200,17,529847673
9827431221,692700067,HTTP,Page SSL,200,8083,690830465
9830370202,692700072,HTTP,Page SSL,200,8083,637836040
9832072695,692700088,HTTP,Page 2,200,8,487311022
9837103318,692700062,HTTP,Page 2,200,8,682449276
9838736669,692700065,HTTP,Page 1,200,17,601081766
9841983403,692700073,HTTP,Page 1,200,17,2381699047
9870244786,692700031,HTTP,Page 2,200,8,371135310
9876783169,692700008,HTTP,Page 2,200,8,343208361
9884974693,692700093,HTTP,Page 1,200,17,393712702
9901001774,692700070,HTTP,Page SSL,200,8083,761698574
9904292445,692700089,HTTP,Page 2,200,8,379146184
9905012122,692700094,HTTP,Page 1,200,17,313901223
9915213466,692700048,HTTP,Page 1,200,17,1152165904
9951658730,692700076,HTTP,Page 1,200,17,406694837
9965138005,692700055,HTTP,Page 1,200,17,409119588
9967211236,692700063,HTTP,Page 2,200,8,429911893
9969733038,692700057,HTTP,Page 1,200,17,1294215816
9996837280,692700009,HTTP,Page SSL,200,8083,2615331866
10053682202,692700028,HTTP,Page 2,200,8,3390308184
10056660151,692700067,HTTP,Page 1,200,17,229068131
10058021771,692700007,HTTP,Page 2,200,8,354986953
10062521420,692700000,HTTP,Page SSL,200,8083,773795920
10090588045,692700027,HTTP,Page SSL,200,8083,761853616
10111103794,692700004,HTTP,Page SSL,200,8083,836549863
10111250918,692700065,HTTP,Page 2,200,8,272318652
10112219342,692700091,HTTP,Page 2,200,8,298098075
10120830188,692700015,HTTP,Page SSL,200,8083,3260878769
10124404987,692700012,HTTP,Page SSL,200,8083,699787138
10126161946,692700016,HTTP,Page 2,200,8,3375557700
10132676120,692700095,HTTP,Page 1,200,17,441209990
10148703914,692700081,HTTP,Page 1,200,17,447850927
10148994879,692700011,HTTP,Page 1,200,17,1439120294
10149561624,692700052,HTTP,Page SSL,200,8083,734197095
10159397915,692700058,HTTP,Page 2,200,8,487010820
10163157393,692700049,HTTP,Page 1,200,17,390073551
10167156956,692700050,HTTP,Page SSL,200,8083,897109982
10171585151,692700039,HTTP,Page SSL,200,8083,875252501
10202866374,692700030,HTTP,Page 1,200,17,2253248566
10279302528,692700026,HTTP,Page SSL,200,8083,2718682661
10306242207,692700060,HTTP,Page 2,200,8,1330909377
10310038930,692700087,HTTP,Page 1,200,17,1428081328
10323579571,692700077,HTTP,Page 2,200,8,2125338268
10341231108,692700094,HTTP,Page 2,200,8,436044882
10367640762,692700073,HTTP,Page 2,200,8,525484582
10386355134,692700048,HTTP,Page 2,200,8,470991192
10426768037,692700019,HTTP,Page 1,200,17,755956746
10544251878,692700021,HTTP,Page 1,200,17,1715382671
10554728424,692700041,HTTP,Page 2,200,8,1823638596
10555206493,692700036,HTTP,Page SSL,200,8083,1523386488
10577365422,692700084,HTTP,Page SSL,200,8083,1283205340
10579621631,692700079,HTTP,Page SSL,200,8083,894153271
10606267148,692700049,HTTP,Page 2,200,8,442673092
10619786667,692700099,HTTP,Page 1,200,17,522477169
10629353481,692700067,HTTP,Page 2,200,8,572324486
10629817654,692700011,HTTP,Page 2,200,8,480700000
10657221078,692700029,HTTP,Page 2,200,8,1367996593
10677347377,692700081,HTTP,Page 2,200,8,528500528
10684556570,692700063,HTTP,Page SSL,200,8083,716793112
10689846952,692700031,HTTP,Page SSL,200,8083,819040735
10719553440,692700064,HTTP,Page SSL,200,8083,1014958767
10741219108,692700030,HTTP,Page 2,200,8,538135275
10742066664,692700095,HTTP,Page 2,200,8,609211280
10749156985,692700025,HTTP,Page 2,200,8,1675639856
10749663696,692700085,HTTP,Page 2,200,8,1580032635
10750056852,692700055,HTTP,Page 2,200,8,784730189
10784214278,692700044,HTTP,Page 1,200,17,3804630551
10805447527,692700087,HTTP,Page 2,200,8,495277964
10811633763,692700068,HTTP,Page 2,200,8,1463581323
10826645226,692700074,HTTP,Page 1,200,17,1506817331
10862660445,692700003,HTTP,Page SSL,200,8083,3298375325
10862953950,692700019,HTTP,Page 2,200,8,436056729
10887405838,692700066,HTTP,Page 2,200,8,3232947487
10898699613,692700045,HTTP,Page SSL,200,8083,1163895076
10903807218,692700007,HTTP,Page SSL,200,8083,844275149
10913593875,692700058,HTTP,Page SSL,200,8083,751992953
10925734303,692700016,HTTP,Page SSL,200,8083,798406097
10927747507,692700013,HTTP,Page SSL,200,8083,2881306193
10962244488,692700090,HTTP,Page 2,200,8,1432033432
10970220256,692700091,HTTP,Page SSL,200,8083,856161922
10984520461,692700099,HTTP,Page 2,200,8,364468851
11050806539,692700017,HTTP,Page 2,200,8,4002609157
11077475755,692700021,HTTP,Page 2,200,8,533078606
11111315771,692700075,HTTP,Page SSL,200,8083,2481246552
11118911475,692700035,HTTP,Page 1,200,17,1450756664
11119275365,692700072,HTTP,Page 1,200,17,1288786018
11157462269,692700088,HTTP,Page SSL,200,8083,1323192104
11161669312,692700047,HTTP,Page 2,200,8,3489899486
11168941071,692700094,HTTP,Page SSL,200,8083,827295083
11183432220,692700006,HTTP,Page SSL,200,8083,1862817172
11245814956,692700096,HTTP,Page 1,200,17,1453705695
11255466827,692700044,HTTP,Page 2,200,8,471075102
11259529333,692700074,HTTP,Page 2,200,8,432668156
11263624185,692700037,HTTP,Page 1,200,17,3412123464
11276490312,692700020,HTTP,Page SSL,200,8083,2134154773
11276740456,692700009,HTTP,Page 1,200,17,1279547092
11307413016,692700070,HTTP,Page 1,200,17,1406276336
11329791154,692700049,HTTP,Page SSL,200,8083,721489036
11340893893,692700097,HTTP,Page 1,200,17,1448228351
11353058200,692700035,HTTP,Page 2,200,8,233603782
11353184811,692700048,HTTP,Page SSL,200,8083,966255880
11353631031,692700029,HTTP,Page SSL,200,8083,696024059
11357409445,692700076,HTTP,Page 2,200,8,1405540932
11358001055,692700041,HTTP,Page SSL,200,8083,798892180
11359002814,692700057,HTTP,Page 2,200,8,1389116017
11381512377,692700092,HTTP,Page 1,200,17,1992003578
11416492647,692700078,HTTP,Page SSL,200,8083,2713679033
11422383173,692700001,HTTP,Page 1,200,17,3341647445
11429499626,692700072,HTTP,Page 2,200,8,310147466
11439454167,692700059,HTTP,Page SSL,200,8083,3870597785
11461982116,692700024,HTTP,Page SSL,200,8083,1735502893
11470218463,692700042,HTTP,Page SSL,200,8083,3722186291
11473677335,692700009,HTTP,Page 2,200,8,196727991
11499601304,692700086,HTTP,Page SSL,200,8083,1850406878
11518133128,692700025,HTTP,Page SSL,200,8083,767002593
11536516868,692700068,HTTP,Page SSL,200,8083,724569449
11536987295,692700096,HTTP,Page 2,200,8,291082865
11545686754,692700066,HTTP,Page SSL,200,8083,657133699
11547802162,692700037,HTTP,Page 2,200,8,284058658
11575451352,692700085,HTTP,Page SSL,200,8083,823598328
11582220642,692700061,HTTP,Page 1,200,17,2246657248
11582464465,692700087,HTTP,Page SSL,200,8083,776495591
11586080216,692700071,HTTP,Page SSL,200,8083,1985692886
11611284398,692700070,HTTP,Page 2,200,8,303692726
11621044399,692700001,HTTP,Page 2,200,8,198487969
11627933012,692700097,HTTP,Page 2,200,8,286834081
11631756661,692700092,HTTP,Page 2,200,8,250113519
11656529983,692700038,HTTP,Page SSL,200,8083,2841513291
11687265473,692700082,HTTP,Page 1,200,17,3308331455
11702704695,692700044,HTTP,Page SSL,200,8083,445268423
11733903694,692700093,HTTP,Page 2,200,8,1848510091
11735788406,692700047,HTTP,Page SSL,200,8083,572634034
11767730507,692700053,HTTP,Page SSL,200,8083,2187167000
11773895376,692700032,HTTP,Page 2,200,8,2170367762
11775387756,692700046,HTTP,Page 1,200,17,2185810093
11826069909,692700057,HTTP,Page SSL,200,8083,440481242
11844089602,692700061,HTTP,Page 2,200,8,261750994
11892996488,692700010,HTTP,Page SSL,200,8083,3134020444
11957922265,692700095,HTTP,Page SSL,200,8083,1212988565
11963021227,692700018,HTTP,Page SSL,200,8083,3910289274
11964529968,692700082,HTTP,Page 2,200,8,277135739
11974334150,692700019,HTTP,Page SSL,200,8083,1108491234
11997367742,692700021,HTTP,Page SSL,200,8083,899369105
11997992690,692700054,HTTP,Page SSL,200,8083,2183516871
12061112772,692700097,HTTP,Page SSL,200,8083,430510217
12066441486,692700065,HTTP,Page SSL,200,8083,1953158520
12077677649,692700005,HTTP,Page SSL,200,8083,2932963450
12091471841,692700046,HTTP,Page 2,200,8,315979613
12094839215,692700030,HTTP,Page SSL,200,8083,1353125997
12117260953,692700037,HTTP,Page SSL,200,8083,567488659
12130366852,692700022,HTTP,Page SSL,200,8083,3560965766
12178206854,692700060,HTTP,Page SSL,200,8083,1869641514
12210013522,692700092,HTTP,Page SSL,200,8083,576220207
12302770943,692700093,HTTP,Page SSL,200,8083,546537224
12303207462,692700001,HTTP,Page SSL,200,8083,681794126
12324820962,692700043,HTTP,Page SSL,200,8083,3446141452
12369380255,692700067,HTTP,Page SSL,200,8083,1737686996
12377012746,692700099,HTTP,Page SSL,200,8083,1386458946
12400368674,692700081,HTTP,Page SSL,200,8083,1722632523
12402003395,692700009,HTTP,Page SSL,200,8083,926215082
12411341395,692700032,HTTP,Page SSL,200,8083,635855955
12416059467,692700073,HTTP,Page SSL,200,8083,2045790026
12419427251,692700011,HTTP,Page SSL,200,8083,1788729313
12420269430,692700040,HTTP,Page 1,200,17,3750877273
12430817882,692700074,HTTP,Page SSL,200,8083,1170835987
12443067974,692700055,HTTP,Page SSL,200,8083,1691353506
12474436291,692700077,HTTP,Page SSL,200,8083,2148618718
12490058489,692700023,HTTP,Page 2,200,8,4189968843
12512416840,692700028,HTTP,Page SSL,200,8083,2457170123
12516710496,692700017,HTTP,Page SSL,200,8083,1464407905
12546765064,692700070,HTTP,Page SSL,200,8083,934806418
12547048762,692700051,HTTP,Page 2,200,8,3797776497
12548004813,692700033,HTTP,Page 2,200,8,3688059695
12578308850,692700090,HTTP,Page SSL,200,8083,1613487613
12628610921,692700040,HTTP,Page 2,200,8,208198257
12634443760,692700096,HTTP,Page SSL,200,8083,1095300827
12684763346,692700046,HTTP,Page SSL,200,8083,591179039
12717094872,692700061,HTTP,Page SSL,200,8083,870766991
12789403138,692700082,HTTP,Page SSL,200,8083,822828904
12816986118,692700008,HTTP,Page SSL,200,8083,2937126281
12853775840,692700056,HTTP,Page SSL,200,8083,3555964503
12879720659,692700076,HTTP,Page SSL,200,8083,1519370198
12909715584,692700034,HTTP,Page SSL,200,8083,3588867891
12913135009,692700014,HTTP,Page SSL,200,8083,3517021860
12915779787,692700002,HTTP,Page SSL,200,8083,3577674562
12925603405,692700023,HTTP,Page SSL,200,8083,433487467
12928467067,692700035,HTTP,Page SSL,200,8083,1573522123
12936544083,692700072,HTTP,Page SSL,200,8083,1505075911
12953388337,692700033,HTTP,Page SSL,200,8083,403521960
12958945756,692700051,HTTP,Page SSL,200,8083,407317254
12997435486,692700040,HTTP,Page SSL,200,8083,367364443
13170863095,692700098,HTTP,Page 1,200,17,3177599839
13348339029,692700089,HTTP,Page SSL,200,8083,3442840517
13348705333,692700098,HTTP,Page 2,200,8,177630653
13465184692,692700083,HTTP,Page SSL,200,8083,4457932811
13598065336,692700069,HTTP,Page 1,200,17,3824412553
13616198420,692700062,HTTP,Page SSL,200,8083,3778712812
13686141497,692700098,HTTP,Page SSL,200,8083,335421417
13758707955,692700069,HTTP,Page 2,200,8,160470666
13931749227,692700080,HTTP,Page 1,200,17,5764019442
14104548433,692700080,HTTP,Page 2,200,8,172599285
14105429838,692700069,HTTP,Page SSL,200,8083,340005683
14440543631,692700080,HTTP,Page SSL,200,8083,335475265
163720065,686700000,HTTP,Page 1,200,17,163322610
263255439,686700001,HTTP,Page 1,200,17,162707097
324910587,686700002,HTTP,Page 1,200,17,124011814
328137505,686700000,HTTP,Page 2,200,8,164205107
423050607,686700001,HTTP,Page 2,200,8,159609981
426268072,686700003,HTTP,Page 1,200,17,125354338
517865890,686700004,HTTP,Page 1,200,17,116829614
520862070,686700002,HTTP,Page 2,200,8,195732353
700845932,686700005,HTTP,Page 1,200,17,199631503
705054548,686700003,HTTP,Page 2,200,8,278667998
710757706,686700004,HTTP,Page 2,200,8,192778860
722696415,686700000,HTTP,Page SSL,200,8083,392471987
771745600,686700006,HTTP,Page 1,200,17,170378907
876133339,686700002,HTTP,Page SSL,200,8083,352786068
900407644,686700001,HTTP,Page SSL,200,8083,475525266
910963723,686700006,HTTP,Page 2,200,8,139023395
923451826,686700000,HTTP,Page 1,200,17,200586508
924956572,686700005,HTTP,Page 2,200,8,223961331
928288371,686700007,HTTP,Page 1,200,17,226741101
992517732,686700008,HTTP,Page 1,200,17,185975116
1048891203,686700001,HTTP,Page 1,200,17,148338832
1050043742,686700002,HTTP,Page 1,200,17,173735666
1050615859,686700009,HTTP,Page 1,200,17,143861824
1062273028,686700000,HTTP,Page 2,200,8,138258431
1083859407,686700003,HTTP,Page SSL,200,8083,377020372
1087188513,686700004,HTTP,Page SSL,200,8083,374755978
1125772806,686700007,HTTP,Page 2,200,8,197366697
1181695483,686700010,HTTP,Page 1,200,17,174547340
1182314750,686700008,HTTP,Page 2,200,8,189647982
1182546213,686700009,HTTP,Page 2,200,8,131771791
1193265063,686700001,HTTP,Page 2,200,8,144254142
1202427646,686700002,HTTP,Page 2,200,8,152270631
1211333905,686700005,HTTP,Page SSL,200,8083,284734986
1255175560,686700006,HTTP,Page SSL,200,8083,341754586
1266823964,686700003,HTTP,Page 1,200,17,182798506
1270327683,686700004,HTTP,Page 1,200,17,183034224
1271392176,686700011,HTTP,Page 1,200,17,164221977
1362424880,686700012,HTTP,Page 1,200,17,154760575
1371397624,686700005,HTTP,Page 1,200,17,159612670
1371650466,686700010,HTTP,Page 2,200,8,189430724
1446791896,686700000,HTTP,Page SSL,200,8083,382322124
1448644914,686700011,HTTP,Page 2,200,8,177034802
1453820339,686700013,HTTP,Page 1,200,17,143929926
1456927880,686700007,HTTP,Page SSL,200,8083,329359358
1458324943,686700003,HTTP,Page 2,200,8,191284144
1459049213,686700006,HTTP,Page 1,200,17,203698667
1472947695,686700004,HTTP,Page 2,200,8,202496392
1533947116,686700009,HTTP,Page SSL,200,8083,348874563
1534747668,686700012,HTTP,Page 2,200,8,172152200
1535429132,686700014,HTTP,Page 1,200,17,124349100
1539863046,686700002,HTTP,Page SSL,200,8083,336923290
1542316954,686700005,HTTP,Page 2,200,8,170722665
1553347295,686700008,HTTP,Page SSL,200,8083,368098350
1564761666,686700001,HTTP,Page SSL,200,8083,368909527
1640715627,686700015,HTTP,Page 1,200,17,128045243
1643782070,686700000,HTTP,Page 1,200,17,196846727
1647500391,686700013,HTTP,Page 2,200,8,193538871
1656960963,686700006,HTTP,Page 2,200,8,197794592
1663677117,686700007,HTTP,Page 1,200,17,206621838
1728466933,686700001,HTTP,Page 1,200,17,163560925
1730801388,686700009,HTTP,Page 1,200,17,196720655
1743249310,686700010,HTTP,Page SSL,200,8083,369647320
1744837913,686700014,HTTP,Page 2,200,8,209286264
1747533620,686700002,HTTP,Page 1,200,17,207530268
1753677523,686700008,HTTP,Page 1,200,17,200096244
1820605841,686700015,HTTP,Page 2,200,8,179641126
1826055980,686700000,HTTP,Page 2,200,8,182131829
1830443619,686700007,HTTP,Page 2,200,8,166637536
1842985454,686700003,HTTP,Page SSL,200,8083,384063185
1843337145,686700016,HTTP,Page 1,200,17,222690875
1847621946,686700004,HTTP,Page SSL,200,8083,372917651
1901112586,686700011,HTTP,Page SSL,200,8083,445591876
1933687914,686700005,HTTP,Page SSL,200,8083,389596878
1941112507,686700012,HTTP,Page SSL,200,8083,403796050
1944400285,686700008,HTTP,Page 2,200,8,190564674
1949852067,686700001,HTTP,Page 2,200,8,221257052
1970425686,686700010,HTTP,Page 1,200,17,227051007
1984930597,686700017,HTTP,Page 1,200,17,263152162
1987064364,686700002,HTTP,Page 2,200,8,239347201
1997498409,686700009,HTTP,Page 2,200,8,266574994
2030252631,686700003,HTTP,Page 1,200,17,187137580
2038808348,686700013,HTTP,Page SSL,200,8083,390708637
2044872820,686700016,HTTP,Page 2,200,8,201444824
2064053311,686700018,HTTP,Page 1,200,17,242428297
2087481536,686700006,HTTP,Page SSL,200,8083,424797275
2094082872,686700004,HTTP,Page 1,200,17,246224854
2130692596,686700012,HTTP,Page 1,200,17,189235385
2138873690,686700014,HTTP,Page SSL,200,8083,390651496
2141897623,686700010,HTTP,Page 2,200,8,171348431
2172454223,686700011,HTTP,Page 1,200,17,271211889
2178070875,686700005,HTTP,Page 1,200,17,244137411
2179609070,686700019,HTTP,Page 1,200,17,257662373
2203279079,686700018,HTTP,Page 2,200,8,138855454
2207707690,686700017,HTTP,Page 2,200,8,222577058
2272686925,686700013,HTTP,Page 1,200,17,233730247
2279122063,686700020,HTTP,Page 1,200,17,255922223
2295235168,686700003,HTTP,Page 2,200,8,264809112
2310306286,686700015,HTTP,Page SSL,200,8083,487262982
2317391349,686700000,HTTP,Page SSL,200,8083,489132773
2360747366,686700021,HTTP,Page 1,200,17,237196903
2374343589,686700008,HTTP,Page SSL,200,8083,429414681
2383588270,686700004,HTTP,Page 2,200,8,289292175
2424448410,686700002,HTTP,Page SSL,200,8083,436757251
2424768642,686700006,HTTP,Page 1,200,17,337158257
2449822818,686700007,HTTP,Page SSL,200,8083,615843984
2463111072,686700014,HTTP,Page 1,200,17,324091469
2463421796,686700012,HTTP,Page 2,200,8,332556210
2464575940,686700009,HTTP,Page SSL,200,8083,465421406
2476242279,686700019,HTTP,Page 2,200,8,296448281
2499257123,686700022,HTTP,Page 1,200,17,275381588
2512801354,686700005,HTTP,Page 2,200,8,334459357
2526055641,686700001,HTTP,Page SSL,200,8083,575150961
2541086585,686700011,HTTP,Page 2,200,8,368492278
2553512403,686700020,HTTP,Page 2,200,8,274232499
2571042176,686700013,HTTP,Page 2,200,8,298219252
2580473186,686700010,HTTP,Page SSL,200,8083,437844617
2610939840,686700000,HTTP,Page 1,200,17,293396514
2612648586,686700015,HTTP,Page 1,200,17,302163187
2622003406,686700023,HTTP,Page 1,200,17,297855247
2630208867,686700021,HTTP,Page 2,200,8,269285145
2631297408,686700008,HTTP,Page 1,200,17,256811665
2632589191,686700016,HTTP,Page SSL,200,8083,585407508
2639158734,686700024,HTTP,Page 1,200,17,213683504
2657065178,686700006,HTTP,Page 2,200,8,232185478
2698371577,686700017,HTTP,Page SSL,200,8083,489671490
2732308642,686700003,HTTP,Page SSL,200,8083,433261320
2744267207,686700002,HTTP,Page 1,200,17,319551080
2746650993,686700018,HTTP,Page SSL,200,8083,541497521
2772758993,686700009,HTTP,Page 1,200,17,308037819
2774397407,686700022,HTTP,Page 2,200,8,274949170
2775493926,686700007,HTTP,Page 1,200,17,325523610
2792833443,686700014,HTTP,Page 2,200,8,329493668
2927858423,686700004,HTTP,Page SSL,200,8083,542849880
2930393733,686700012,HTTP,Page SSL,200,8083,466248598
2959214851,686700005,HTTP,Page SSL,200,8083,445076054
3005081401,686700025,HTTP,Page 1,200,17,475905493
3013172896,686700001,HTTP,Page 1,200,17,486506412
3017677272,686700011,HTTP,Page SSL,200,8083,473828640
3018580943,686700010,HTTP,Page 1,200,17,437955711
3049344436,686700019,HTTP,Page SSL,200,8083,572592275
3049905640,686700013,HTTP,Page SSL,200,8083,476324501
3099480994,686700008,HTTP,Page 2,200,8,468038276
3100829419,686700020,HTTP,Page SSL,200,8083,535393551
3108730067,686700015,HTTP,Page 2,200,8,495832789
3111709132,686700024,HTTP,Page 2,200,8,472364662
3119420817,686700016,HTTP,Page 1,200,17,486676174
3141267517,686700000,HTTP,Page 2,200,8,530229252
3152816784,686700023,HTTP,Page 2,200,8,530608474
3173985947,686700006,HTTP,Page SSL,200,8083,515208894
3175987547,686700018,HTTP,Page 1,200,17,429187325
3183662220,686700026,HTTP,Page 1,200,17,553595109
3200234286,686700017,HTTP,Page 1,200,17,501746666
3207584878,686700027,HTTP,Page 1,200,17,476698864
3217270051,686700021,HTTP,Page SSL,200,8083,583886752
3240067381,686700002,HTTP,Page 2,200,8,495599440
3263152673,686700028,HTTP,Page 1,200,17,432213411
3263983757,686700022,HTTP,Page SSL,200,8083,488931908
3269649941,686700009,HTTP,Page 2,200,8,496658242
3276606620,686700003,HTTP,Page 1,200,17,544003633
3287786380,686700007,HTTP,Page 2,200,8,511962805
3301845577,686700014,HTTP,Page SSL,200,8083,506669100
3340552156,686700004,HTTP,Page 1,200,17,412477212
3342100024,686700012,HTTP,Page 1,200,17,411545364
3350125158,686700005,HTTP,Page 1,200,17,390553084
3357094906,686700029,HTTP,Page 1,200,17,425923227
3363093089,686700001,HTTP,Page 2,200,8,349799943
3363636262,686700013,HTTP,Page 1,200,17,313615989
3374070389,686700030,HTTP,Page 1,200,17,340489695
3376701519,686700011,HTTP,Page 1,200,17,358870366
3391932373,686700019,HTTP,Page 1,200,17,342442734
3413624138,686700010,HTTP,Page 2,200,8,394916565
3444043634,686700025,HTTP,Page 2,200,8,438767947
3472076457,686700031,HTTP,Page 1,200,17,336541469
3503110480,686700018,HTTP,Page 2,200,8,326960425
3508627073,686700006,HTTP,Page 1,200,17,334420365
3524910337,686700016,HTTP,Page 2,200,8,405322782
3536848834,686700024,HTTP,Page SSL,200,8083,424686171
3553523437,686700032,HTTP,Page 1,200,17,317174827
3582779476,686700026,HTTP,Page 2,200,8,398987530
3602492422,686700020,HTTP,Page 1,200,17,501426525
3603062355,686700015,HTTP,Page SSL,200,8083,493497682
3603499056,686700027,HTTP,Page 2,200,8,395744824
3615058167,686700008,HTTP,Page SSL,200,8083,515075611
3633401388,686700017,HTTP,Page 2,200,8,432973450
3633895502,686700021,HTTP,Page 1,200,17,416350507
3683517962,686700023,HTTP,Page SSL,200,8083,528853595
3696741540,686700002,HTTP,Page SSL,200,8083,454682287
3738225122,686700014,HTTP,Page 1,200,17,436128170
3770703544,686700028,HTTP,Page 2,200,8,507380633
3784748874,686700022,HTTP,Page 1,200,17,520638167
3808377335,686700004,HTTP,Page 2,200,8,467713399
3815766603,686700012,HTTP,Page 2,200,8,473545297
3844949402,686700000,HTTP,Page SSL,200,8083,703190970
3851772678,686700003,HTTP,Page 2,200,8,575067029
3899604306,686700033,HTTP,Page 1,200,17,563103800
3912963973,686700025,HTTP,Page SSL,200,8083,468591897
3918557635,686700005,HTTP,Page 2,200,8,568333865
3921651920,686700001,HTTP,Page SSL,200,8083,557825269
3949839012,686700010,HTTP,Page SSL,200,8083,534474656
3970486008,686700007,HTTP,Page SSL,200,8083,680448026
4000499617,686700009,HTTP,Page SSL,200,8083,727540805
4002113398,686700013,HTTP,Page 2,200,8,638398061
4025885519,686700034,HTTP,Page 1,200,17,589097845
4068246800,686700019,HTTP,Page 2,200,8,676192201
4080199982,686700011,HTTP,Page 2,200,8,703380813
4080456537,686700030,HTTP,Page 2,200,8,706211879
4119750921,686700018,HTTP,Page SSL,200,8083,616293704
4120898616,686700029,HTTP,Page 2,200,8,763691519
4134072953,686700016,HTTP,Page SSL,200,8083,596326116
4147962285,686700027,HTTP,Page SSL,200,8083,544074322
4162607804,686700024,HTTP,Page 1,200,17,625564191
4181872521,686700035,HTTP,Page 1,200,17,631429542
4182845619,686700006,HTTP,Page 2,200,8,674087502
4187595143,686700026,HTTP,Page SSL,200,8083,601945055
4207104670,686700017,HTTP,Page SSL,200,8083,571201654
4211576198,686700032,HTTP,Page 2,200,8,657869687
4224181652,686700008,HTTP,Page 1,200,17,608965274
4270916923,686700015,HTTP,Page 1,200,17,667700092
4273424934,686700028,HTTP,Page SSL,200,8083,500738116
4276753898,686700004,HTTP,Page SSL,200,8083,466018045
4285800050,686700036,HTTP,Page 1,200,17,632702255
4289429519,686700021,HTTP,Page 2,200,8,655396375
4294389138,686700031,HTTP,Page 2,200,8,822066131
4307535028,686700005,HTTP,Page SSL,200,8083,386660283
4308554949,686700020,HTTP,Page 2,200,8,705615595
4309317712,686700014,HTTP,Page 2,200,8,570959545
4399869426,686700002,HTTP,Page 1,200,17,702987264
4417499909,686700023,HTTP,Page 1,200,17,733769809
4418101106,686700037,HTTP,Page 1,200,17,658262822
4430472029,686700012,HTTP,Page SSL,200,8083,614226466
4443771248,686700000,HTTP,Page 1,200,17,598695002
4489364455,686700003,HTTP,Page SSL,200,8083,636662240
4494207113,686700013,HTTP,Page SSL,200,8083,487388170
4531513061,686700030,HTTP,Page SSL,200,8083,447258489
4543912661,686700038,HTTP,Page 1,200,17,683488760
4553780676,686700033,HTTP,Page 2,200,8,654008611
4555619395,686700022,HTTP,Page 2,200,8,770744799
4573824641,686700011,HTTP,Page SSL,200,8083,492956569
4652065925,686700007,HTTP,Page 1,200,17,681104634
4652410327,686700009,HTTP,Page 1,200,17,651372625
4652476297,686700010,HTTP,Page 1,200,17,702050143
4652718419,686700025,HTTP,Page 1,200,17,739607136
4652765335,686700001,HTTP,Page 1,200,17,730990687
4653270562,686700019,HTTP,Page SSL,200,8083,572403500
4674540695,686700029,HTTP,Page SSL,200,8083,553071085
4677428364,686700006,HTTP,Page SSL,200,8083,493479536
4691978275,686700039,HTTP,Page 1,200,17,731326020
4723364476,686700040,HTTP,Page 1,200,17,653691240
4725151943,686700018,HTTP,Page 1,200,17,605256555
4751754317,686700034,HTTP,Page 2,200,8,725678633
4774901269,686700026,HTTP,Page 1,200,17,587161661
4786314390,686700031,HTTP,Page SSL,200,8083,491093038
4786454823,686700027,HTTP,Page 1,200,17,638271143
4794425195,686700016,HTTP,Page 1,200,17,660225205
4797176443,686700024,HTTP,Page 2,200,8,634444718
4831741090,686700035,HTTP,Page 2,200,8,649699548
4850366760,686700041,HTTP,Page 1,200,17,680502378
4865095578,686700021,HTTP,Page SSL,200,8083,573895043
4866419422,686700008,HTTP,Page 2,200,8,642101861
4868863398,686700042,HTTP,Page 1,200,17,597624944
4880055405,686700017,HTTP,Page 1,200,17,672570585
4880310169,686700004,HTTP,Page 1,200,17,603430251
4896758619,686700036,HTTP,Page 2,200,8,610784075
4908189836,686700032,HTTP,Page SSL,200,8083,696079223
4937722452,686700002,HTTP,Page 2,200,8,537731437
4938739375,686700015,HTTP,Page 2,200,8,667647202
4949017662,686700005,HTTP,Page 1,200,17,641186808
4960234005,686700022,HTTP,Page SSL,200,8083,403236137
4960436955,686700043,HTTP,Page 1,200,17,588746276
4968113749,686700028,HTTP,Page 1,200,17,694598564
4969857210,686700023,HTTP,Page 2,200,8,552253669
4972339357,686700014,HTTP,Page SSL,200,8083,661316636
4988690610,686700044,HTTP,Page 1,200,17,516552728
4999380773,686700012,HTTP,Page 1,200,17,568796297
5011552480,686700037,HTTP,Page 2,200,8,593180744
5017407139,686700033,HTTP,Page SSL,200,8083,461829216
5037616614,686700003,HTTP,Page 1,200,17,547994885
5038491374,686700013,HTTP,Page 1,200,17,543541314
5038696170,686700020,HTTP,Page SSL,200,8083,729363533
5038871528,686700038,HTTP,Page 2,200,8,494804031
5061943409,686700030,HTTP,Page 1,200,17,530347178
5067485383,686700000,HTTP,Page 2,200,8,623570923
5110936304,686700045,HTTP,Page 1,200,17,537835076
5125296883,686700010,HTTP,Page 2,200,8,472434890
5125948695,686700009,HTTP,Page 2,200,8,473404820
5127902792,686700001,HTTP,Page 2,200,8,475025393
5130476761,686700046,HTTP,Page 1,200,17,456613408
5132132802,686700029,HTTP,Page 1,200,17,457500508
5132872018,686700018,HTTP,Page 2,200,8,407638297
5144588621,686700007,HTTP,Page 2,200,8,492417289
5157889008,686700006,HTTP,Page 1,200,17,480344889
5208573887,686700025,HTTP,Page 2,200,8,555655784
5221478640,686700039,HTTP,Page 2,200,8,529338356
5235803010,686700040,HTTP,Page 2,200,8,512302635
5337639500,686700034,HTTP,Page SSL,200,8083,564815687
5396723343,686700027,HTTP,Page 2,200,8,610094444
5396988915,686700031,HTTP,Page 1,200,17,610261208
5412336911,686700035,HTTP,Page SSL,200,8083,577380431
5426459873,686700002,HTTP,Page SSL,200,8083,486139429
5510644095,686700016,HTTP,Page 2,200,8,715987644
5546396029,686700037,HTTP,Page SSL,200,8083,534086585
5580490654,686700026,HTTP,Page 2,200,8,805436672
5610401277,686700011,HTTP,Page 1,200,17,1036374082
5629041798,686700000,HTTP,Page SSL,200,8083,561032708
5640723422,686700024,HTTP,Page SSL,200,8083,840992000
5657405622,686700017,HTTP,Page 2,200,8,777158445
5667136253,686700022,HTTP,Page 1,200,17,706657788
5669909952,686700019,HTTP,Page 1,200,17,1016484017
5680004938,686700047,HTTP,Page 1,200,17,906198307
5700141273,686700036,HTTP,Page SSL,200,8083,801438198
5700967014,686700041,HTTP,Page 2,200,8,850481093
5702039075,686700032,HTTP,Page 1,200,17,793741377
5702813393,686700014,HTTP,Page 1,200,17,730328323
5713898930,686700023,HTTP,Page SSL,200,8083,742389896
5717774680,686700018,HTTP,Page SSL,200,8083,583754377
5719483273,686700005,HTTP,Page 2,200,8,770326062
5782891574,686700042,HTTP,Page 2,200,8,913851479
5803677236,686700049,HTTP,Page 1,200,17,817840905
5817878777,686700028,HTTP,Page 2,200,8,849598653
5819591477,686700048,HTTP,Page 1,200,17,939043065
5822223539,686700030,HTTP,Page 2,200,8,760166265
5823701872,686700012,HTTP,Page 2,200,8,824074506
5836487092,686700008,HTTP,Page SSL,200,8083,967295636
5850745494,686700015,HTTP,Page SSL,200,8083,899646493
5872970367,686700001,HTTP,Page SSL,200,8083,744536595
5887479734,686700039,HTTP,Page SSL,200,8083,663272425
5909066089,686700027,HTTP,Page SSL,200,8083,510630104
5921470742,686700003,HTTP,Page 2,200,8,883609439
5929115587,686700010,HTTP,Page SSL,200,8083,801990648
5933085850,686700033,HTTP,Page 1,200,17,915447132
5949327928,686700044,HTTP,Page 2,200,8,960494884
5953359071,686700021,HTTP,Page 1,200,17,1088048810
5954205158,686700050,HTTP,Page 1,200,17,868114553
5972359902,686700004,HTTP,Page 2,200,8,1091915433
5975943697,686700043,HTTP,Page 2,200,8,1015055213
5995510213,686700026,HTTP,Page SSL,200,8083,412926826
6027612355,686700038,HTTP,Page SSL,200,8083,987910380
6043409410,686700006,HTTP,Page 2,200,8,885173783
6070073254,686700020,HTTP,Page 1,200,17,1031244172
6089555203,686700052,HTTP,Page 1,200,17,777968314
6090098249,686700029,HTTP,Page 2,200,8,957696783
6092295344,686700007,HTTP,Page SSL,200,8083,945221962
6098559621,686700045,HTTP,Page 2,200,8,987515956
6121260713,686700034,HTTP,Page 1,200,17,783395145
6137913430,686700013,HTTP,Page 2,200,8,1099206669
6178230308,686700053,HTTP,Page 1,200,17,764447117
6202629842,686700002,HTTP,Page 1,200,17,775999512
6240098594,686700035,HTTP,Page 1,200,17,827518290
6256651807,686700042,HTTP,Page SSL,200,8083,472949741
6260715710,686700040,HTTP,Page SSL,200,8083,1022278691
6264530832,686700037,HTTP,Page 1,200,17,717940871
6328305371,686700054,HTTP,Page 1,200,17,813317896
6343759504,686700041,HTTP,Page SSL,200,8083,640840781
6354637938,686700000,HTTP,Page 1,200,17,725367412
6359123589,686700046,HTTP,Page 2,200,8,1228483364
6383484148,686700051,HTTP,Page 1,200,17,1197380877
6398292310,686700055,HTTP,Page 1,200,17,783217978
6398481095,686700019,HTTP,Page 2,200,8,728471348
6424885040,686700047,HTTP,Page 2,200,8,744515488
6466676414,686700031,HTTP,Page 2,200,8,1069416576
6472498544,686700032,HTTP,Page 2,200,8,770347521
6500118382,686700022,HTTP,Page 2,200,8,832844793
6526973348,686700036,HTTP,Page 1,200,17,826722205
6528693995,686700023,HTTP,Page 1,200,17,814644664
6534352643,686700016,HTTP,Page SSL,200,8083,1022332590
6536551584,686700014,HTTP,Page 2,200,8,833656551
6540174831,686700028,HTTP,Page SSL,200,8083,721450869
6544275032,686700017,HTTP,Page SSL,200,8083,885990793
6545087804,686700024,HTTP,Page 1,200,17,904242878
6605159431,686700012,HTTP,Page SSL,200,8083,780997951
6626037188,686700011,HTTP,Page 2,200,8,1015398827
6633604315,686700003,HTTP,Page SSL,200,8083,710438094
6635561127,686700030,HTTP,Page SSL,200,8083,812095250
6637599874,686700018,HTTP,Page 1,200,17,919506257
6658102467,686700039,HTTP,Page 1,200,17,770481906
6663446865,686700057,HTTP,Page 1,200,17,848088314
6666638658,686700056,HTTP,Page 1,200,17,951535500
6672140423,686700010,HTTP,Page 1,200,17,742752426
6672618386,686700027,HTTP,Page 1,200,17,763269504
6674091930,686700058,HTTP,Page 1,200,17,758327507
6676525126,686700048,HTTP,Page 2,200,8,856695842
6678185548,686700008,HTTP,Page 1,200,17,841536832
6681103019,686700033,HTTP,Page 2,200,8,747812802
6691871078,686700015,HTTP,Page 1,200,17,840927734
6700406151,686700049,HTTP,Page 2,200,8,896586207
6704704890,686700001,HTTP,Page 1,200,17,831606485
6716410967,686700044,HTTP,Page SSL,200,8083,766011662
6726050126,686700025,HTTP,Page SSL,200,8083,1516370158
6738595560,686700009,HTTP,Page SSL,200,8083,1611894069
6744622261,686700059,HTTP,Page 1,200,17,718754534
6761044364,686700052,HTTP,Page 2,200,8,671378888
6773580358,686700021,HTTP,Page 2,200,8,819807322
6776389365,686700020,HTTP,Page 2,200,8,706178581
6781762067,686700045,HTTP,Page SSL,200,8083,680546766
6789400199,686700043,HTTP,Page SSL,200,8083,809968227
6853436030,686700029,HTTP,Page SSL,200,8083,762725524
6856380691,686700038,HTTP,Page 1,200,17,828502621
6857859348,686700050,HTTP,Page 2,200,8,903522599
6877460233,686700006,HTTP,Page SSL,200,8083,832358701
6878484497,686700007,HTTP,Page 1,200,17,786043618
6879506059,686700026,HTTP,Page 1,200,17,883850826
6925938412,686700035,HTTP,Page 2,200,8,685732703
6954118585,686700005,HTTP,Page SSL,200,8083,1232515162
7018623773,686700002,HTTP,Page 2,200,8,815871703
7062079908,686700053,HTTP,Page 2,200,8,883741329
7071569265,686700013,HTTP,Page SSL,200,8083,926532310
7083033335,686700061,HTTP,Page 1,200,17,856146303
7108761464,686700004,HTTP,Page SSL,200,8083,1135759040
7123569598,686700060,HTTP,Page 1,200,17,997058234
7145546388,686700042,HTTP,Page 1,200,17,888755356
7147251615,686700037,HTTP,Page 2,200,8,882592451
7193756785,686700019,HTTP,Page SSL,200,8083,794946315
7224432987,686700046,HTTP,Page SSL,200,8083,859492247
7227640287,686700034,HTTP,Page 2,200,8,1106249925
7228542568,686700032,HTTP,Page SSL,200,8083,755324408
7231290981,686700040,HTTP,Page 1,200,17,970463115
7239576343,686700031,HTTP,Page SSL,200,8083,771263339
7244754463,686700014,HTTP,Page SSL,200,8083,707031641
7249972394,686700047,HTTP,Page SSL,200,8083,824614791
7264199049,686700011,HTTP,Page SSL,200,8083,636083427
7281543514,686700062,HTTP,Page 1,200,17,954632425
7310112002,686700022,HTTP,Page SSL,200,8083,808217157
7341477228,686700050,HTTP,Page SSL,200,8083,481636541
7342747829,686700041,HTTP,Page 1,200,17,998861019
7358422377,686700033,HTTP,Page SSL,200,8083,675555780
7363353076,686700055,HTTP,Page 2,200,8,964931651
7405614432,686700052,HTTP,Page SSL,200,8083,642475455
7423928802,686700051,HTTP,Page 2,200,8,1040271828
7435189796,686700063,HTTP,Page 1,200,17,1008129932
7445577982,686700021,HTTP,Page SSL,200,8083,671602054
7445770134,686700054,HTTP,Page 2,200,8,1117197037
7446436025,686700049,HTTP,Page SSL,200,8083,744331695
7459559468,686700008,HTTP,Page 2,200,8,781284909
7459721481,686700056,HTTP,Page 2,200,8,793002854
7459853828,686700016,HTTP,Page 1,200,17,925397410
7465055878,686700065,HTTP,Page 1,200,17,837396689
7465181626,686700010,HTTP,Page 2,200,8,792945565
7467964484,686700024,HTTP,Page 2,200,8,922719613
7469963521,686700027,HTTP,Page 2,200,8,797243046
7475900833,686700036,HTTP,Page 2,200,8,948741547
7486527761,686700017,HTTP,Page 1,200,17,942118897
7488508135,686700057,HTTP,Page 2,200,8,824924008
7490082215,686700003,HTTP,Page 1,200,17,856335638
7504942998,686700018,HTTP,Page 2,200,8,867148236
7536921256,686700058,HTTP,Page 2,200,8,862713176
7538922756,686700030,HTTP,Page 1,200,17,903167504
7555572684,686700002,HTTP,Page SSL,200,8083,536215310
7556707355,686700064,HTTP,Page 1,200,17,1029363455
7576578049,686700059,HTTP,Page 2,200,8,831750181
7578806109,686700038,HTTP,Page 2,200,8,722301926
7618113043,686700035,HTTP,Page SSL,200,8083,691767949
7633811853,686700037,HTTP,Page SSL,200,8083,486250730
7647449720,686700044,HTTP,Page 1,200,17,930944782
7648203580,686700009,HTTP,Page 1,200,17,909490699
7649293416,686700067,HTTP,Page 1,200,17,810281530
7660883635,686700066,HTTP,Page 1,200,17,922067377
7661886515,686700029,HTTP,Page 1,200,17,808167072
7697551416,686700026,HTTP,Page 2,200,8,817929196
7709484581,686700006,HTTP,Page 1,200,17,831902063
7711393731,686700068,HTTP,Page 1,200,17,772317400
7713413399,686700000,HTTP,Page 2,200,8,1358678380
7714428685,686700061,HTTP,Page 2,200,8,631245625
7716643408,686700070,HTTP,Page 1,200,17,576569954
7720424547,686700060,HTTP,Page 2,200,8,596704632
7721458415,686700042,HTTP,Page 2,200,8,575666247
7729242648,686700031,HTTP,Page 1,200,17,489517585
7737017660,686700071,HTTP,Page 1,200,17,496532522
7738576702,686700014,HTTP,Page 1,200,17,493704790
7741150674,686700032,HTTP,Page 1,200,17,512529350
7743984818,686700019,HTTP,Page 1,200,17,550092745
7748949988,686700041,HTTP,Page 2,200,8,406012927
7750460692,686700052,HTTP,Page 1,200,17,344432011
7766623071,686700069,HTTP,Page 1,200,17,727079312
7792648424,686700017,HTTP,Page 2,200,8,305987101
7794278298,686700013,HTTP,Page 1,200,17,722594368
7837140612,686700051,HTTP,Page SSL,200,8083,398238019
7957635602,686700031,HTTP,Page 2,200,8,228302763
7970620180,686700073,HTTP,Page 1,200,17,529552042
7973707246,686700063,HTTP,Page 2,200,8,538331852
7978862915,686700075,HTTP,Page 1,200,17,334174524
7981593656,686700014,HTTP,Page 2,200,8,242864902
8011608763,686700004,HTTP,Page 1,200,17,902587239
8015572357,686700018,HTTP,Page SSL,200,8083,509493671
8029323819,686700056,HTTP,Page SSL,200,8083,569261546
8037320812,686700057,HTTP,Page SSL,200,8083,548113116
8046329504,686700029,HTTP,Page 2,200,8,384087651
8128670752,686700043,HTTP,Page 1,200,17,1339088720
8132633437,686700059,HTTP,Page SSL,200,8083,554678362
8134524250,686700025,HTTP,Page 1,200,17,1408373254
8138333829,686700034,HTTP,Page SSL,200,8083,909294888
8147856117,686700051,HTTP,Page 1,200,17,310548938
8148536169,686700053,HTTP,Page SSL,200,8083,1085999749
8155116781,686700038,HTTP,Page SSL,200,8083,574376591
8205254764,686700048,HTTP,Page SSL,200,8083,1527113987
8226047931,686700064,HTTP,Page 2,200,8,669216606
8244114841,686700007,HTTP,Page 2,200,8,1365487859
8248698573,686700075,HTTP,Page 2,200,8,269542722
8257070654,686700026,HTTP,Page SSL,200,8083,556829850
8273298299,686700050,HTTP,Page 1,200,17,931681036
8275066153,686700024,HTTP,Page SSL,200,8083,806363628
8299750304,686700004,HTTP,Page 2,200,8,288024745
8316312736,686700078,HTTP,Page 1,200,17,369527949
8316544636,686700056,HTTP,Page 1,200,17,287130408
8316641240,686700010,HTTP,Page SSL,200,8083,851036176
8339779467,686700067,HTTP,Page 2,200,8,690369901
8378614384,686700052,HTTP,Page 2,200,8,627877437
8384397806,686700073,HTTP,Page 2,200,8,413622683
8390170489,686700020,HTTP,Page SSL,200,8083,1612407766
8396940035,686700076,HTTP,Page 1,200,17,652043254
8461904411,686700058,HTTP,Page SSL,200,8083,922322333
8479498336,686700081,HTTP,Page 1,200,17,226104761
8484406373,686700051,HTTP,Page 2,200,8,336378984
8510121616,686700032,HTTP,Page 2,200,8,768853029
8510600733,686700022,HTTP,Page 1,200,17,1200301822
8510651642,686700048,HTTP,Page 1,200,17,305260413
8510775449,686700043,HTTP,Page 2,200,8,382010911
8522453295,686700046,HTTP,Page 1,200,17,1297846265
8522555285,686700072,HTTP,Page 1,200,17,1181820602
8532383678,686700025,HTTP,Page 2,200,8,397760187
8544537848,686700080,HTTP,Page 1,200,17,391260077
8571660790,686700082,HTTP,Page 1,200,17,211908126
8629672873,686700040,HTTP,Page 2,200,8,1398236215
8635363825,686700010,HTTP,Page 1,200,17,318623438
8644517287,686700036,HTTP,Page SSL,200,8083,1166596694
8654613869,686700076,HTTP,Page 2,200,8,257539599
8661686030,686700078,HTTP,Page 2,200,8,345210211
8678257149,686700020,HTTP,Page 1,200,17,287982550
8695840209,686700056,HTTP,Page 2,200,8,379137977
8696365762,686700061,HTTP,Page SSL,200,8083,973137591
8700606628,686700029,HTTP,Page SSL,200,8083,653374946
8747281626,686700049,HTTP,Page 1,200,17,1300736188
8752450168,686700014,HTTP,Page SSL,200,8083,769938316
8756433221,686700042,HTTP,Page SSL,200,8083,1032219653
8805167637,686700021,HTTP,Page 1,200,17,1359449174
8818433485,686700065,HTTP,Page 2,200,8,1353259748
8821706820,686700072,HTTP,Page 2,200,8,299067582
8826748987,686700007,HTTP,Page SSL,200,8083,581577349
8850745528,686700048,HTTP,Page 2,200,8,340003119
8851009014,686700016,HTTP,Page 2,200,8,1391061224
8865336737,686700084,HTTP,Page 1,200,17,304663581
8867222688,686700058,HTTP,Page 1,200,17,405176230
8873796946,686700002,HTTP,Page 1,200,17,1318101582
8930443521,686700082,HTTP,Page 2,200,8,358622681
8930795270,686700046,HTTP,Page 2,200,8,408209223
8932372251,686700022,HTTP,Page 2,200,8,421668926
8959364935,686700060,HTTP,Page SSL,200,8083,1236886554
8966668894,686700005,HTTP,Page 1,200,17,2012421811
8980093714,686700037,HTTP,Page 1,200,17,1346146375
8992896395,686700052,HTTP,Page SSL,200,8083,612515141
9008250492,686700011,HTTP,Page 1,200,17,1743911327
9018829090,686700033,HTTP,Page 1,200,17,1660166569
9052870195,686700086,HTTP,Page 1,200,17,291093558
9063369901,686700061,HTTP,Page 1,200,17,366908185
9063576464,686700019,HTTP,Page 2,200,8,1319476535
9101184959,686700029,HTTP,Page 1,200,17,400472580
9111225369,686700049,HTTP,Page 2,200,8,363756618
9112749689,686700036,HTTP,Page 1,200,17,468075967
9122378417,686700042,HTTP,Page 1,200,17,365704191
9124490259,686700009,HTTP,Page 2,200,8,1476141810
9200397176,686700058,HTTP,Page 2,200,8,333049219
9224601157,686700021,HTTP,Page 2,200,8,419265056
9230323577,686700010,HTTP,Page 2,200,8,594795724
9263561400,686700037,HTTP,Page 2,200,8,283338951
9281832244,686700006,HTTP,Page 2,200,8,1572235903
9282037862,686700088,HTTP,Page 1,200,17,319691250
9299066366,686700023,HTTP,Page 2,200,8,2770218435
9303298446,686700007,HTTP,Page 1,200,17,476362819
9305015397,686700005,HTTP,Page 2,200,8,338181851
9315895626,686700025,HTTP,Page SSL,200,8083,783129385
9325795593,686700043,HTTP,Page SSL,200,8083,813784959
9330725411,686700032,HTTP,Page SSL,200,8083,819505796
9337512078,686700062,HTTP,Page 2,200,8,2055822734
9368429880,686700011,HTTP,Page 2,200,8,360064117
9371535274,686700042,HTTP,Page 2,200,8,249006457
9380582319,686700035,HTTP,Page 1,200,17,1762311654
9412027579,686700052,HTTP,Page 1,200,17,418978789
9438310828,686700040,HTTP,Page SSL,200,8083,796209474
9449943904,686700089,HTTP,Page 1,200,17,386168371
9450300779,686700045,HTTP,Page 1,200,17,2668290988
9459593854,686700078,HTTP,Page SSL,200,8083,786341357
9460370910,686700036,HTTP,Page 2,200,8,347498125
9461483538,686700077,HTTP,Page 1,200,17,1614759909
9476457550,686700086,HTTP,Page 2,200,8,423408894
9496385253,686700029,HTTP,Page 2,200,8,394937705
9522352877,686700013,HTTP,Page 2,200,8,1727942004
9529960786,686700091,HTTP,Page 1,200,17,264925418
9558540044,686700081,HTTP,Page 2,200,8,1078868992
9569196844,686700038,HTTP,Page 1,200,17,1413899832
9577881838,686700026,HTTP,Page 1,200,17,1320369021
9595910600,686700048,HTTP,Page SSL,200,8083,741790575
9624836633,686700057,HTTP,Page 1,200,17,1587332542
9626852043,686700059,HTTP,Page 1,200,17,1494089065
9651711848,686700072,HTTP,Page SSL,200,8083,821450488
9656375727,686700053,HTTP,Page 1,200,17,1507629294
9680435228,686700007,HTTP,Page 2,200,8,376987711
9681550142,686700025,HTTP,Page 1,200,17,365454066
9682901231,686700032,HTTP,Page 1,200,17,351990706
9683548861,686700024,HTTP,Page 1,200,17,1408373875
9733055090,686700040,HTTP,Page 1,200,17,294604884
9821568918,686700045,HTTP,Page 2,200,8,371158591
9822567322,686700078,HTTP,Page 1,200,17,362710714
9838179613,686700019,HTTP,Page SSL,200,8083,771838852
9841051332,686700089,HTTP,Page 2,200,8,390985488
9869901385,686700093,HTTP,Page 1,200,17,404579921
9881024961,686700090,HTTP,Page 1,200,17,717044413
9885440250,686700048,HTTP,Page 1,200,17,289357816
9918451180,686700059,HTTP,Page 2,200,8,291508474
9956110720,686700012,HTTP,Page 1,200,17,3350634893
9959816911,686700053,HTTP,Page 2,200,8,303217120
9977606764,686700010,HTTP,Page SSL,200,8083,745299042
9979126134,686700091,HTTP,Page 2,200,8,449070300
9995267888,686700006,HTTP,Page SSL,200,8083,710036942
9999348848,686700057,HTTP,Page 2,200,8,374236647
10011414031,686700095,HTTP,Page 1,200,17,344718196
10011548504,686700094,HTTP,Page 1,200,17,445907258
10011844087,686700030,HTTP,Page 2,200,8,2472795794
10033407607,686700032,HTTP,Page 2,200,8,350327691
10037743010,686700058,HTTP,Page SSL,200,8083,835600259
10099990558,686700044,HTTP,Page 2,200,8,2452413356
10101371241,686700070,HTTP,Page 2,200,8,2384465278
10104547134,686700014,HTTP,Page 1,200,17,1351953931
10106654757,686700085,HTTP,Page 1,200,17,1445050963
10118001071,686700020,HTTP,Page 2,200,8,1439623460
10147655879,686700068,HTTP,Page 2,200,8,2436160169
10155090461,686700015,HTTP,Page 2,200,8,3463078049
10155537908,686700029,HTTP,Page SSL,200,8083,651392485
10174459409,686700093,HTTP,Page 2,200,8,304436903
10190915609,686700050,HTTP,Page 2,200,8,1917434967
10205809358,686700077,HTTP,Page 2,200,8,744193014
10238758204,686700036,HTTP,Page SSL,200,8083,776497645
10252696399,686700001,HTTP,Page 2,200,8,3547867165
10265418738,686700078,HTTP,Page 2,200,8,442539742
10278550264,686700010,HTTP,Page 1,200,17,300803280
10321621399,686700043,HTTP,Page 1,200,17,995669242
10340575924,686700002,HTTP,Page 2,200,8,1466633413
10341389478,686700087,HTTP,Page 1,200,17,1479177588
10386359123,686700007,HTTP,Page SSL,200,8083,705337522
10400336353,686700081,HTTP,Page SSL,200,8083,839008718
10451683660,686700031,HTTP,Page SSL,200,8083,2493733481
10469209165,686700042,HTTP,Page SSL,200,8083,1096243055
10476802078,686700056,HTTP,Page SSL,200,8083,1780616993
10480634946,686700098,HTTP,Page 1,200,17,507215183
10482991399,686700012,HTTP,Page 2,200,8,526609006
10483427821,686700061,HTTP,Page 2,200,8,1419936801
10485972353,686700055,HTTP,Page SSL,200,8083,3121840884
10489571067,686700008,HTTP,Page SSL,200,8083,3027286900
10494060607,686700094,HTTP,Page 2,200,8,482433508
10555025164,686700037,HTTP,Page SSL,200,8083,1290167298
10562568606,686700088,HTTP,Page 2,200,8,1280443420
10590462468,686700005,HTTP,Page SSL,200,8083,1283343804
10596809789,686700021,HTTP,Page SSL,200,8083,1369385523
10604790405,686700022,HTTP,Page SSL,200,8083,1671742552
10630085734,686700003,HTTP,Page 2,200,8,3139762133
10653753289,686700062,HTTP,Page SSL,200,8083,1315858972
10654068826,686700060,HTTP,Page 1,200,17,1694566852
10702618021,686700054,HTTP,Page SSL,200,8083,3245763311
10753016033,686700092,HTTP,Page 1,200,17,1387572571
10757883074,686700053,HTTP,Page SSL,200,8083,797270146
10760329834,686700030,HTTP,Page SSL,200,8083,747699381
10761423434,686700096,HTTP,Page 1,200,17,988953462
10768009831,686700043,HTTP,Page 2,200,8,446274947
10772497002,686700085,HTTP,Page 2,200,8,665665142
10775986288,686700047,HTTP,Page 1,200,17,3525876206
10803736272,686700014,HTTP,Page 2,200,8,699039654
10810014432,686700098,HTTP,Page 2,200,8,329251417
10820767366,686700091,HTTP,Page SSL,200,8083,839480473
10853041878,686700065,HTTP,Page SSL,200,8083,2034177564
10864860976,686700046,HTTP,Page SSL,200,8083,1922602424
10892761365,686700087,HTTP,Page 2,200,8,551237631
10932493867,686700015,HTTP,Page SSL,200,8083,775697170
10951571783,686700035,HTTP,Page 2,200,8,1570824308
10969164374,686700052,HTTP,Page 2,200,8,1556934533
10969508138,686700078,HTTP,Page SSL,200,8083,703723148
10974862860,686700093,HTTP,Page SSL,200,8083,798771947
10981450610,686700024,HTTP,Page 2,200,8,1297743273
10983388241,686700072,HTTP,Page 1,200,17,1331500949
11000593987,686700077,HTTP,Page SSL,200,8083,792382017
11004437629,686700017,HTTP,Page SSL,200,8083,3208905247
11009685047,686700027,HTTP,Page SSL,200,8083,3538580309
11039504217,686700026,HTTP,Page 2,200,8,1461374529
11041147059,686700025,HTTP,Page 2,200,8,1359435285
11045693688,686700060,HTTP,Page 2,200,8,391475795
11057839827,686700066,HTTP,Page 2,200,8,3396734864
11058425887,686700070,HTTP,Page SSL,200,8083,956481268
11082020904,686700068,HTTP,Page SSL,200,8083,931871025
11097860103,686700020,HTTP,Page SSL,200,8083,978652389
11107569715,686700009,HTTP,Page SSL,200,8083,1980885975
11155088638,686700061,HTTP,Page SSL,200,8083,669725007
11168965104,686700086,HTTP,Page SSL,200,8083,1691828500
11169790415,686700076,HTTP,Page SSL,200,8083,2506116985
11199378928,686700094,HTTP,Page SSL,200,8083,703943549
11227026623,686700089,HTTP,Page SSL,200,8083,1382960055
11231046734,686700001,HTTP,Page SSL,200,8083,975840267
11233879891,686700012,HTTP,Page SSL,200,8083,749608880
11250266271,686700040,HTTP,Page 2,200,8,1517007170
11254055167,686700096,HTTP,Page 2,200,8,492442659
11263550216,686700057,HTTP,Page SSL,200,8083,1263279193
11277107452,686700049,HTTP,Page SSL,200,8083,2165272812
11325529839,686700092,HTTP,Page 2,200,8,572338207
11373459674,686700095,HTTP,Page 2,200,8,1361817704
11378067325,686700003,HTTP,Page SSL,200,8083,745907076
11422207554,686700074,HTTP,Page 1,200,17,3881163266
11427788988,686700019,HTTP,Page 1,200,17,1589379383
11444195613,686700041,HTTP,Page SSL,200,8083,3693259395
11458846301,686700013,HTTP,Page SSL,200,8083,1933787506
11493024578,686700045,HTTP,Page SSL,200,8083,1669511174
11510681820,686700087,HTTP,Page SSL,200,8083,615858067
11515141735,686700034,HTTP,Page 1,200,17,3376670279
11522651012,686700099,HTTP,Page 1,200,17,1449059915
11539572326,686700047,HTTP,Page 2,200,8,763454772
11547552533,686700090,HTTP,Page 2,200,8,1666303589
11572323250,686700098,HTTP,Page SSL,200,8083,760176186
11637923459,686700026,HTTP,Page SSL,200,8083,597684466
11642826938,686700085,HTTP,Page SSL,200,8083,869812351
11648927817,686700035,HTTP,Page SSL,200,8083,695365543
11653253350,686700066,HTTP,Page SSL,200,8083,592214862
11664617323,686700002,HTTP,Page SSL,200,8083,1322175711
11694045622,686700019,HTTP,Page 2,200,8,266129467
11697397131,686700034,HTTP,Page 2,200,8,182134969
11701459029,686700074,HTTP,Page 2,200,8,279180127
11708113656,686700075,HTTP,Page SSL,200,8083,3456552238
11734036875,686700064,HTTP,Page SSL,200,8083,3497613602
11734149655,686700010,HTTP,Page 2,200,8,1455346110
11797580069,686700099,HTTP,Page 2,200,8,274680053
11825140262,686700092,HTTP,Page SSL,200,8083,499122263
11825601454,686700040,HTTP,Page SSL,200,8083,574906512
11864904548,686700032,HTTP,Page SSL,200,8083,1828879181
11967186101,686700018,HTTP,Page 1,200,17,3951249557
12029859201,686700016,HTTP,Page SSL,200,8083,3177054024
12031746957,686700079,HTTP,Page 1,200,17,3981099231
12088634792,686700014,HTTP,Page SSL,200,8083,1283315106
12148131288,686700083,HTTP,Page 1,200,17,3687864132
12174283262,686700095,HTTP,Page SSL,200,8083,798713265
12185642060,686700047,HTTP,Page SSL,200,8083,643956145
12200123820,686700096,HTTP,Page SSL,200,8083,942434872
12204963134,686700088,HTTP,Page SSL,200,8083,1638816698
12207456590,686700059,HTTP,Page SSL,200,8083,2287899177
12233803891,686700010,HTTP,Page SSL,200,8083,498406326
12236338537,686700084,HTTP,Page 2,200,8,3370834399
12241224176,686700063,HTTP,Page SSL,200,8083,4266082687
12246007482,686700019,HTTP,Page SSL,200,8083,549725022
12276041063,686700050,HTTP,Page SSL,200,8083,2084701004
12290435565,686700080,HTTP,Page 2,200,8,3745732617
12292197769,686700090,HTTP,Page SSL,200,8083,743136275
12299259452,686700000,HTTP,Page SSL,200,8083,4584260389
12319973168,686700099,HTTP,Page SSL,200,8083,520562594
12320972653,686700018,HTTP,Page 2,200,8,353663686
12338378530,686700072,HTTP,Page 2,200,8,1354847559
12355598318,686700033,HTTP,Page 2,200,8,3336580648
12366897363,686700052,HTTP,Page SSL,200,8083,1395619821
12414169955,686700083,HTTP,Page 2,200,8,265815937
12424963462,686700082,HTTP,Page SSL,200,8083,3493460168
12447487857,686700074,HTTP,Page SSL,200,8083,744265778
12500691707,686700043,HTTP,Page SSL,200,8083,1730194573
12505956284,686700025,HTTP,Page SSL,200,8083,1464457870
12571929806,686700044,HTTP,Page SSL,200,8083,2471092230
12576101665,686700079,HTTP,Page 2,200,8,544104005
12584517144,686700060,HTTP,Page SSL,200,8083,1536660301
12757225458,686700067,HTTP,Page SSL,200,8083,4415717524
12797490323,686700034,HTTP,Page SSL,200,8083,1098334957
12823634036,686700018,HTTP,Page SSL,200,8083,500666808
12825315863,686700038,HTTP,Page 2,200,8,3256019961
12841246247,686700072,HTTP,Page SSL,200,8083,501427998
12860853582,686700024,HTTP,Page SSL,200,8083,1877979678
12878477198,686700083,HTTP,Page SSL,200,8083,463973730
12878755917,686700080,HTTP,Page SSL,200,8083,576288194
12884803413,686700084,HTTP,Page SSL,200,8083,647344446
12890651303,686700004,HTTP,Page SSL,200,8083,4588068581
12901221064,686700033,HTTP,Page SSL,200,8083,545148632
12970612596,686700051,HTTP,Page SSL,200,8083,4485685813
12971258603,686700079,HTTP,Page SSL,200,8083,382509063
13027772341,686700097,HTTP,Page 1,200,17,3154813509
13031827300,686700048,HTTP,Page 2,200,8,3146304160
13037069798,686700011,HTTP,Page SSL,200,8083,3667412469
13180525519,686700006,HTTP,Page 1,200,17,3185164852
13187443735,686700038,HTTP,Page SSL,200,8083,361843854
13192336707,686700097,HTTP,Page 2,200,8,164293806
13203938367,686700023,HTTP,Page SSL,200,8083,3903301872
13253650244,686700069,HTTP,Page 2,200,8,5486868031
13254339289,686700071,HTTP,Page 2,200,8,5517216955
13345046001,686700006,HTTP,Page 2,200,8,164392337
13359134405,686700048,HTTP,Page SSL,200,8083,326768236
13516392575,686700097,HTTP,Page SSL,200,8083,322352243
13606775327,686700071,HTTP,Page SSL,200,8083,352041980
13616413771,686700069,HTTP,Page SSL,200,8083,352648453
13675735695,686700006,HTTP,Page SSL,200,8083,328306780
13806296852,686700028,HTTP,Page 1,200,17,7265880582
13809603683,686700039,HTTP,Page 2,200,8,7151375217
13971299433,686700028,HTTP,Page 2,200,8,164867331
14144727631,686700039,HTTP,Page SSL,200,8083,334391214
14305939716,686700028,HTTP,Page SSL,200,8083,331248849
16625205031,686700073,HTTP,Page SSL,200,8083,8239030618
